工号,小组,第1天,第2天,第3天,第4天,第5天,第6天,第7天,第8天,第9天,第10天
1,小组1,休息,8:00-12:00 + 15:00-19:00,休息,8:00-12:00 + 12:00-16:00,8:00-12:00 + 12:00-16:00,8:00-12:00 + 12:00-16:00,8:00-12:00 + 14:00-18:00,8:00-12:00 + 12:00-16:00,8:00-12:00 + 12:00-16:00,8:00-12:00 + 13:00-17:00
2,小组1,休息,8:00-12:00 + 15:00-19:00,休息,8:00-12:00 + 12:00-16:00,8:00-12:00 + 12:00-16:00,8:00-12:00 + 12:00-16:00,8:00-12:00 + 14:00-18:00,8:00-12:00 + 12:00-16:00,8:00-12:00 + 12:00-16:00,8:00-12:00 + 13:00-17:00
3,小组1,休息,休息,8:00-12:00 + 12:00-16:00,8:00-12:00 + 12:00-16:00,8:00-12:00 + 12:00-16:00,8:00-12:00 + 12:00-16:00,8:00-12:00 + 14:00-18:00,8:00-12:00 + 13:00-17:00,8:00-12:00 + 12:00-16:00,8:00-12:00 + 13:00-17:00
4,小组1,休息,8:00-12:00 + 15:00-19:00,休息,8:00-12:00 + 12:00-16:00,8:00-12:00 + 12:00-16:00,8:00-12:00 + 12:00-16:00,8:00-12:00 + 14:00-18:00,8:00-12:00 + 13:00-17:00,8:00-12:00 + 12:00-16:00,8:00-12:00 + 13:00-17:00
5,小组1,休息,8:00-12:00 + 15:00-19:00,8:00-12:00 + 12:00-16:00,8:00-12:00 + 12:00-16:00,休息,8:00-12:00 + 12:00-16:00,8:00-12:00 + 14:00-18:00,8:00-12:00 + 13:00-17:00,8:00-12:00 + 12:00-16:00,8:00-12:00 + 13:00-17:00
6,小组1,休息,休息,8:00-12:00 + 12:00-16:00,8:00-12:00 + 12:00-16:00,8:00-12:00 + 14:00-18:00,8:00-12:00 + 12:00-16:00,8:00-12:00 + 15:00-19:00,8:00-12:00 + 15:00-19:00,8:00-12:00 + 12:00-16:00,8:00-12:00 + 13:00-17:00
7,小组1,8:00-12:00 + 13:00-17:00,8:00-12:00 + 15:00-19:00,休息,8:00-12:00 + 12:00-16:00,休息,8:00-12:00 + 12:00-16:00,8:00-12:00 + 15:00-19:00,8:00-12:00 + 15:00-19:00,8:00-12:00 + 12:00-16:00,8:00-12:00 + 13:00-17:00
8,小组1,休息,8:00-12:00 + 15:00-19:00,8:00-12:00 + 12:00-16:00,8:00-12:00 + 12:00-16:00,8:00-12:00 + 14:00-18:00,8:00-12:00 + 12:00-16:00,8:00-12:00 + 15:00-19:00,8:00-12:00 + 15:00-19:00,休息,8:00-12:00 + 13:00-17:00
9,小组1,8:00-12:00 + 13:00-17:00,休息,8:00-12:00 + 12:00-16:00,8:00-12:00 + 12:00-16:00,8:00-12:00 + 14:00-18:00,8:00-12:00 + 12:00-16:00,8:00-12:00 + 15:00-19:00,8:00-12:00 + 15:00-19:00,休息,8:00-12:00 + 13:00-17:00
10,小组1,8:00-12:00 + 13:00-17:00,8:00-12:00 + 15:00-19:00,休息,8:00-12:00 + 12:00-16:00,8:00-12:00 + 14:00-18:00,8:00-12:00 + 12:00-16:00,8:00-12:00 + 15:00-19:00,8:00-12:00 + 15:00-19:00,休息,8:00-12:00 + 13:00-17:00
11,小组1,8:00-12:00 + 13:00-17:00,8:00-12:00 + 15:00-19:00,8:00-12:00 + 12:00-16:00,8:00-12:00 + 12:00-16:00,休息,8:00-12:00 + 14:00-18:00,8:00-12:00 + 15:00-19:00,8:00-12:00 + 15:00-19:00,休息,8:00-12:00 + 13:00-17:00
12,小组1,休息,8:00-12:00 + 15:00-19:00,8:00-12:00 + 12:00-16:00,8:00-12:00 + 12:00-16:00,8:00-12:00 + 14:00-18:00,8:00-12:00 + 14:00-18:00,8:00-12:00 + 15:00-19:00,8:00-12:00 + 15:00-19:00,休息,8:00-12:00 + 13:00-17:00
13,小组1,8:00-12:00 + 13:00-17:00,休息,8:00-12:00 + 12:00-16:00,8:00-12:00 + 12:00-16:00,8:00-12:00 + 14:00-18:00,8:00-12:00 + 14:00-18:00,8:00-12:00 + 15:00-19:00,8:00-12:00 + 15:00-19:00,休息,8:00-12:00 + 13:00-17:00
14,小组1,8:00-12:00 + 13:00-17:00,8:00-12:00 + 15:00-19:00,休息,8:00-12:00 + 12:00-16:00,8:00-12:00 + 14:00-18:00,8:00-12:00 + 14:00-18:00,8:00-12:00 + 15:00-19:00,8:00-12:00 + 15:00-19:00,休息,8:00-12:00 + 15:00-19:00
15,小组1,8:00-12:00 + 15:00-19:00,8:00-12:00 + 15:00-19:00,8:00-12:00 + 12:00-16:00,8:00-12:00 + 12:00-16:00,休息,8:00-12:00 + 14:00-18:00,8:00-12:00 + 15:00-19:00,11:00-15:00 + 15:00-19:00,休息,8:00-12:00 + 15:00-19:00
16,小组1,休息,8:00-12:00 + 15:00-19:00,8:00-12:00 + 12:00-16:00,8:00-12:00 + 15:00-19:00,8:00-12:00 + 14:00-18:00,8:00-12:00 + 14:00-18:00,9:00-13:00 + 13:00-17:00,11:00-15:00 + 15:00-19:00,休息,8:00-12:00 + 15:00-19:00
17,小组1,8:00-12:00 + 15:00-19:00,休息,8:00-12:00 + 15:00-19:00,8:00-12:00 + 15:00-19:00,8:00-12:00 + 14:00-18:00,8:00-12:00 + 14:00-18:00,9:00-13:00 + 13:00-17:00,11:00-15:00 + 15:00-19:00,休息,8:00-12:00 + 15:00-19:00
18,小组1,9:00-13:00 + 13:00-17:00,8:00-12:00 + 15:00-19:00,休息,9:00-13:00 + 15:00-19:00,8:00-12:00 + 14:00-18:00,8:00-12:00 + 14:00-18:00,9:00-13:00 + 13:00-17:00,11:00-15:00 + 15:00-19:00,休息,8:00-12:00 + 15:00-19:00
19,小组1,休息,8:00-12:00 + 15:00-19:00,8:00-12:00 + 15:00-19:00,9:00-13:00 + 15:00-19:00,休息,8:00-12:00 + 14:00-18:00,9:00-13:00 + 13:00-17:00,11:00-15:00 + 15:00-19:00,8:00-12:00 + 12:00-16:00,8:00-12:00 + 15:00-19:00
20,小组1,休息,8:00-12:00 + 15:00-19:00,8:00-12:00 + 15:00-19:00,9:00-13:00 + 15:00-19:00,8:00-12:00 + 14:00-18:00,休息,9:00-13:00 + 13:00-17:00,11:00-15:00 + 15:00-19:00,8:00-12:00 + 12:00-16:00,8:00-12:00 + 15:00-19:00
21,小组1,休息,8:00-12:00 + 15:00-19:00,8:00-12:00 + 15:00-19:00,9:00-13:00 + 15:00-19:00,8:00-12:00 + 15:00-19:00,8:00-12:00 + 14:00-18:00,9:00-13:00 + 13:00-17:00,11:00-15:00 + 15:00-19:00,8:00-12:00 + 12:00-16:00,休息
22,小组1,休息,9:00-13:00 + 13:00-17:00,8:00-12:00 + 15:00-19:00,9:00-13:00 + 15:00-19:00,8:00-12:00 + 15:00-19:00,8:00-12:00 + 14:00-18:00,9:00-13:00 + 13:00-17:00,11:00-15:00 + 15:00-19:00,8:00-12:00 + 12:00-16:00,休息
23,小组1,休息,9:00-13:00 + 13:00-17:00,8:00-12:00 + 15:00-19:00,9:00-13:00 + 15:00-19:00,8:00-12:00 + 15:00-19:00,8:00-12:00 + 14:00-18:00,9:00-13:00 + 13:00-17:00,11:00-15:00 + 15:00-19:00,8:00-12:00 + 14:00-18:00,休息
24,小组1,休息,9:00-13:00 + 13:00-17:00,9:00-13:00 + 14:00-18:00,9:00-13:00 + 15:00-19:00,8:00-12:00 + 15:00-19:00,8:00-12:00 + 14:00-18:00,9:00-13:00 + 13:00-17:00,11:00-15:00 + 15:00-19:00,8:00-12:00 + 15:00-19:00,休息
25,小组1,休息,9:00-13:00 + 13:00-17:00,11:00-15:00 + 15:00-19:00,9:00-13:00 + 15:00-19:00,8:00-12:00 + 15:00-19:00,8:00-12:00 + 14:00-18:00,9:00-13:00 + 13:00-17:00,11:00-15:00 + 15:00-19:00,8:00-12:00 + 15:00-19:00,休息
26,小组1,休息,9:00-13:00 + 13:00-17:00,11:00-15:00 + 15:00-19:00,9:00-13:00 + 15:00-19:00,8:00-12:00 + 15:00-19:00,8:00-12:00 + 14:00-18:00,10:00-14:00 + 15:00-19:00,11:00-15:00 + 15:00-19:00,8:00-12:00 + 15:00-19:00,休息
27,小组1,休息,9:00-13:00 + 13:00-17:00,11:00-15:00 + 15:00-19:00,9:00-13:00 + 15:00-19:00,8:00-12:00 + 15:00-19:00,8:00-12:00 + 14:00-18:00,11:00-15:00 + 15:00-19:00,11:00-15:00 + 15:00-19:00,8:00-12:00 + 15:00-19:00,休息
28,小组1,休息,9:00-13:00 + 13:00-17:00,11:00-15:00 + 15:00-19:00,9:00-13:00 + 15:00-19:00,8:00-12:00 + 15:00-19:00,8:00-12:00 + 14:00-18:00,11:00-15:00 + 15:00-19:00,11:00-15:00 + 15:00-19:00,8:00-12:00 + 15:00-19:00,休息
29,小组1,休息,9:00-13:00 + 13:00-17:00,11:00-15:00 + 15:00-19:00,9:00-13:00 + 15:00-19:00,8:00-12:00 + 15:00-19:00,8:00-12:00 + 15:00-19:00,11:00-15:00 + 15:00-19:00,休息,8:00-12:00 + 15:00-19:00,8:00-12:00 + 15:00-19:00
30,小组1,休息,9:00-13:00 + 13:00-17:00,11:00-15:00 + 15:00-19:00,11:00-15:00 + 15:00-19:00,8:00-12:00 + 15:00-19:00,8:00-12:00 + 15:00-19:00,11:00-15:00 + 15:00-19:00,休息,8:00-12:00 + 15:00-19:00,8:00-12:00 + 15:00-19:00
31,小组1,9:00-13:00 + 13:00-17:00,9:00-13:00 + 13:00-17:00,休息,11:00-15:00 + 15:00-19:00,8:00-12:00 + 15:00-19:00,10:00-14:00 + 14:00-18:00,11:00-15:00 + 15:00-19:00,休息,10:00-14:00 + 15:00-19:00,8:00-12:00 + 15:00-19:00
32,小组1,9:00-13:00 + 13:00-17:00,9:00-13:00 + 13:00-17:00,休息,11:00-15:00 + 15:00-19:00,11:00-15:00 + 15:00-19:00,10:00-14:00 + 14:00-18:00,11:00-15:00 + 15:00-19:00,休息,10:00-14:00 + 15:00-19:00,8:00-12:00 + 15:00-19:00
33,小组1,9:00-13:00 + 13:00-17:00,9:00-13:00 + 13:00-17:00,11:00-15:00 + 15:00-19:00,11:00-15:00 + 15:00-19:00,休息,10:00-14:00 + 14:00-18:00,11:00-15:00 + 15:00-19:00,休息,10:00-14:00 + 15:00-19:00,9:00-13:00 + 13:00-17:00
34,小组1,9:00-13:00 + 13:00-17:00,9:00-13:00 + 14:00-18:00,11:00-15:00 + 15:00-19:00,11:00-15:00 + 15:00-19:00,休息,10:00-14:00 + 14:00-18:00,11:00-15:00 + 15:00-19:00,休息,11:00-15:00 + 15:00-19:00,9:00-13:00 + 13:00-17:00
35,小组1,9:00-13:00 + 13:00-17:00,10:00-14:00 + 15:00-19:00,11:00-15:00 + 15:00-19:00,11:00-15:00 + 15:00-19:00,11:00-15:00 + 15:00-19:00,10:00-14:00 + 14:00-18:00,休息,休息,11:00-15:00 + 15:00-19:00,9:00-13:00 + 13:00-17:00
36,小组1,9:00-13:00 + 13:00-17:00,10:00-14:00 + 15:00-19:00,11:00-15:00 + 15:00-19:00,11:00-15:00 + 15:00-19:00,11:00-15:00 + 15:00-19:00,10:00-14:00 + 14:00-18:00,休息,休息,11:00-15:00 + 15:00-19:00,9:00-13:00 + 13:00-17:00
37,小组1,9:00-13:00 + 13:00-17:00,10:00-14:00 + 15:00-19:00,11:00-15:00 + 15:00-19:00,11:00-15:00 + 15:00-19:00,11:00-15:00 + 15:00-19:00,10:00-14:00 + 14:00-18:00,休息,休息,11:00-15:00 + 15:00-19:00,9:00-13:00 + 13:00-17:00
38,小组1,11:00-15:00 + 15:00-19:00,10:00-14:00 + 15:00-19:00,11:00-15:00 + 15:00-19:00,11:00-15:00 + 15:00-19:00,11:00-15:00 + 15:00-19:00,10:00-14:00 + 14:00-18:00,休息,休息,11:00-15:00 + 15:00-19:00,9:00-13:00 + 13:00-17:00
39,小组1,11:00-15:00 + 15:00-19:00,10:00-14:00 + 15:00-19:00,11:00-15:00 + 15:00-19:00,11:00-15:00 + 15:00-19:00,11:00-15:00 + 15:00-19:00,10:00-14:00 + 14:00-18:00,休息,休息,11:00-15:00 + 15:00-19:00,10:00-14:00 + 14:00-18:00
40,小组2,休息,8:00-12:00 + 12:00-16:00,休息,8:00-12:00 + 12:00-16:00,8:00-12:00 + 12:00-16:00,8:00-12:00 + 12:00-16:00,8:00-12:00 + 12:00-16:00,8:00-12:00 + 12:00-16:00,8:00-12:00 + 14:00-18:00,8:00-12:00 + 14:00-18:00
41,小组2,休息,8:00-12:00 + 12:00-16:00,休息,8:00-12:00 + 12:00-16:00,8:00-12:00 + 12:00-16:00,8:00-12:00 + 12:00-16:00,8:00-12:00 + 12:00-16:00,8:00-12:00 + 12:00-16:00,8:00-12:00 + 14:00-18:00,8:00-12:00 + 14:00-18:00
42,小组2,休息,8:00-12:00 + 12:00-16:00,休息,8:00-12:00 + 12:00-16:00,8:00-12:00 + 12:00-16:00,8:00-12:00 + 12:00-16:00,8:00-12:00 + 12:00-16:00,8:00-12:00 + 12:00-16:00,8:00-12:00 + 14:00-18:00,8:00-12:00 + 14:00-18:00
43,小组2,休息,8:00-12:00 + 12:00-16:00,8:00-12:00 + 13:00-17:00,8:00-12:00 + 12:00-16:00,休息,8:00-12:00 + 12:00-16:00,8:00-12:00 + 13:00-17:00,8:00-12:00 + 12:00-16:00,8:00-12:00 + 14:00-18:00,8:00-12:00 + 14:00-18:00
44,小组2,休息,8:00-12:00 + 12:00-16:00,休息,8:00-12:00 + 12:00-16:00,9:00-13:00 + 13:00-17:00,8:00-12:00 + 12:00-16:00,8:00-12:00 + 14:00-18:00,8:00-12:00 + 15:00-19:00,8:00-12:00 + 14:00-18:00,9:00-13:00 + 13:00-17:00
45,小组2,休息,8:00-12:00 + 12:00-16:00,8:00-12:00 + 13:00-17:00,8:00-12:00 + 12:00-16:00,休息,8:00-12:00 + 14:00-18:00,8:00-12:00 + 14:00-18:00,8:00-12:00 + 15:00-19:00,8:00-12:00 + 14:00-18:00,9:00-13:00 + 13:00-17:00
46,小组2,8:00-12:00 + 12:00-16:00,8:00-12:00 + 12:00-16:00,休息,8:00-12:00 + 12:00-16:00,休息,8:00-12:00 + 14:00-18:00,8:00-12:00 + 14:00-18:00,8:00-12:00 + 15:00-19:00,8:00-12:00 + 14:00-18:00,9:00-13:00 + 13:00-17:00
47,小组2,休息,8:00-12:00 + 13:00-17:00,休息,8:00-12:00 + 12:00-16:00,9:00-13:00 + 13:00-17:00,8:00-12:00 + 14:00-18:00,8:00-12:00 + 14:00-18:00,8:00-12:00 + 15:00-19:00,8:00-12:00 + 14:00-18:00,9:00-13:00 + 13:00-17:00
48,小组2,8:00-12:00 + 12:00-16:00,8:00-12:00 + 13:00-17:00,8:00-12:00 + 13:00-17:00,8:00-12:00 + 12:00-16:00,休息,休息,8:00-12:00 + 14:00-18:00,8:00-12:00 + 15:00-19:00,8:00-12:00 + 14:00-18:00,9:00-13:00 + 13:00-17:00
49,小组2,休息,8:00-12:00 + 13:00-17:00,休息,8:00-12:00 + 12:00-16:00,10:00-14:00 + 14:00-18:00,8:00-12:00 + 14:00-18:00,8:00-12:00 + 15:00-19:00,8:00-12:00 + 15:00-19:00,8:00-12:00 + 14:00-18:00,9:00-13:00 + 13:00-17:00
50,小组2,8:00-12:00 + 12:00-16:00,8:00-12:00 + 13:00-17:00,8:00-12:00 + 15:00-19:00,8:00-12:00 + 12:00-16:00,休息,休息,8:00-12:00 + 15:00-19:00,8:00-12:00 + 15:00-19:00,8:00-12:00 + 14:00-18:00,9:00-13:00 + 13:00-17:00
51,小组2,休息,8:00-12:00 + 13:00-17:00,休息,8:00-12:00 + 12:00-16:00,10:00-14:00 + 14:00-18:00,8:00-12:00 + 14:00-18:00,8:00-12:00 + 15:00-19:00,8:00-12:00 + 15:00-19:00,8:00-12:00 + 14:00-18:00,9:00-13:00 + 13:00-17:00
52,小组2,8:00-12:00 + 12:00-16:00,8:00-12:00 + 13:00-17:00,8:00-12:00 + 15:00-19:00,8:00-12:00 + 12:00-16:00,休息,休息,8:00-12:00 + 15:00-19:00,8:00-12:00 + 15:00-19:00,8:00-12:00 + 14:00-18:00,9:00-13:00 + 13:00-17:00
53,小组2,休息,8:00-12:00 + 13:00-17:00,休息,8:00-12:00 + 12:00-16:00,10:00-14:00 + 14:00-18:00,8:00-12:00 + 14:00-18:00,8:00-12:00 + 15:00-19:00,8:00-12:00 + 15:00-19:00,8:00-12:00 + 14:00-18:00,9:00-13:00 + 13:00-17:00
54,小组2,8:00-12:00 + 13:00-17:00,8:00-12:00 + 13:00-17:00,8:00-12:00 + 15:00-19:00,8:00-12:00 + 12:00-16:00,休息,休息,8:00-12:00 + 15:00-19:00,8:00-12:00 + 15:00-19:00,8:00-12:00 + 14:00-18:00,9:00-13:00 + 13:00-17:00
55,小组2,休息,休息,8:00-12:00 + 15:00-19:00,8:00-12:00 + 14:00-18:00,10:00-14:00 + 14:00-18:00,8:00-12:00 + 14:00-18:00,8:00-12:00 + 15:00-19:00,8:00-12:00 + 15:00-19:00,8:00-12:00 + 14:00-18:00,9:00-13:00 + 13:00-17:00
56,小组2,8:00-12:00 + 15:00-19:00,8:00-12:00 + 15:00-19:00,休息,8:00-12:00 + 15:00-19:00,休息,8:00-12:00 + 15:00-19:00,8:00-12:00 + 15:00-19:00,10:00-14:00 + 15:00-19:00,10:00-14:00 + 15:00-19:00,9:00-13:00 + 13:00-17:00
57,小组2,休息,8:00-12:00 + 15:00-19:00,8:00-12:00 + 15:00-19:00,8:00-12:00 + 15:00-19:00,10:00-14:00 + 14:00-18:00,休息,8:00-12:00 + 15:00-19:00,10:00-14:00 + 15:00-19:00,10:00-14:00 + 15:00-19:00,9:00-13:00 + 13:00-17:00
58,小组2,8:00-12:00 + 15:00-19:00,休息,休息,8:00-12:00 + 15:00-19:00,10:00-14:00 + 14:00-18:00,8:00-12:00 + 15:00-19:00,8:00-12:00 + 15:00-19:00,10:00-14:00 + 15:00-19:00,10:00-14:00 + 15:00-19:00,9:00-13:00 + 13:00-17:00
59,小组2,休息,8:00-12:00 + 15:00-19:00,8:00-12:00 + 15:00-19:00,8:00-12:00 + 15:00-19:00,休息,8:00-12:00 + 15:00-19:00,8:00-12:00 + 15:00-19:00,10:00-14:00 + 15:00-19:00,10:00-14:00 + 15:00-19:00,9:00-13:00 + 13:00-17:00
60,小组2,休息,8:00-12:00 + 15:00-19:00,8:00-12:00 + 15:00-19:00,8:00-12:00 + 15:00-19:00,10:00-14:00 + 14:00-18:00,休息,9:00-13:00 + 13:00-17:00,10:00-14:00 + 15:00-19:00,10:00-14:00 + 15:00-19:00,9:00-13:00 + 13:00-17:00
61,小组2,休息,8:00-12:00 + 15:00-19:00,8:00-12:00 + 15:00-19:00,8:00-12:00 + 15:00-19:00,11:00-15:00 + 15:00-19:00,8:00-12:00 + 15:00-19:00,9:00-13:00 + 13:00-17:00,11:00-15:00 + 15:00-19:00,10:00-14:00 + 15:00-19:00,休息
62,小组2,休息,8:00-12:00 + 15:00-19:00,8:00-12:00 + 15:00-19:00,8:00-12:00 + 15:00-19:00,11:00-15:00 + 15:00-19:00,9:00-13:00 + 13:00-17:00,9:00-13:00 + 13:00-17:00,11:00-15:00 + 15:00-19:00,10:00-14:00 + 15:00-19:00,休息
63,小组2,休息,8:00-12:00 + 15:00-19:00,8:00-12:00 + 15:00-19:00,8:00-12:00 + 15:00-19:00,11:00-15:00 + 15:00-19:00,9:00-13:00 + 13:00-17:00,10:00-14:00 + 15:00-19:00,11:00-15:00 + 15:00-19:00,10:00-14:00 + 15:00-19:00,休息
64,小组2,休息,8:00-12:00 + 15:00-19:00,8:00-12:00 + 15:00-19:00,8:00-12:00 + 15:00-19:00,11:00-15:00 + 15:00-19:00,9:00-13:00 + 13:00-17:00,10:00-14:00 + 15:00-19:00,11:00-15:00 + 15:00-19:00,10:00-14:00 + 15:00-19:00,休息
65,小组2,休息,8:00-12:00 + 15:00-19:00,8:00-12:00 + 15:00-19:00,11:00-15:00 + 15:00-19:00,11:00-15:00 + 15:00-19:00,9:00-13:00 + 13:00-17:00,11:00-15:00 + 15:00-19:00,11:00-15:00 + 15:00-19:00,11:00-15:00 + 15:00-19:00,休息
66,小组2,休息,8:00-12:00 + 15:00-19:00,8:00-12:00 + 15:00-19:00,11:00-15:00 + 15:00-19:00,11:00-15:00 + 15:00-19:00,9:00-13:00 + 13:00-17:00,11:00-15:00 + 15:00-19:00,11:00-15:00 + 15:00-19:00,11:00-15:00 + 15:00-19:00,休息
67,小组2,8:00-12:00 + 15:00-19:00,8:00-12:00 + 15:00-19:00,休息,11:00-15:00 + 15:00-19:00,11:00-15:00 + 15:00-19:00,9:00-13:00 + 13:00-17:00,11:00-15:00 + 15:00-19:00,休息,11:00-15:00 + 15:00-19:00,9:00-13:00 + 13:00-17:00
68,小组2,8:00-12:00 + 15:00-19:00,8:00-12:00 + 15:00-19:00,8:00-12:00 + 15:00-19:00,11:00-15:00 + 15:00-19:00,休息,9:00-13:00 + 13:00-17:00,11:00-15:00 + 15:00-19:00,休息,11:00-15:00 + 15:00-19:00,9:00-13:00 + 13:00-17:00
69,小组2,8:00-12:00 + 15:00-19:00,8:00-12:00 + 15:00-19:00,11:00-15:00 + 15:00-19:00,11:00-15:00 + 15:00-19:00,休息,11:00-15:00 + 15:00-19:00,11:00-15:00 + 15:00-19:00,休息,11:00-15:00 + 15:00-19:00,10:00-14:00 + 14:00-18:00
70,小组2,8:00-12:00 + 15:00-19:00,11:00-15:00 + 15:00-19:00,11:00-15:00 + 15:00-19:00,11:00-15:00 + 15:00-19:00,11:00-15:00 + 15:00-19:00,11:00-15:00 + 15:00-19:00,休息,休息,11:00-15:00 + 15:00-19:00,10:00-14:00 + 14:00-18:00
71,小组2,8:00-12:00 + 15:00-19:00,11:00-15:00 + 15:00-19:00,11:00-15:00 + 15:00-19:00,11:00-15:00 + 15:00-19:00,11:00-15:00 + 15:00-19:00,11:00-15:00 + 15:00-19:00,休息,休息,11:00-15:00 + 15:00-19:00,10:00-14:00 + 14:00-18:00
72,小组2,8:00-12:00 + 15:00-19:00,11:00-15:00 + 15:00-19:00,11:00-15:00 + 15:00-19:00,11:00-15:00 + 15:00-19:00,11:00-15:00 + 15:00-19:00,11:00-15:00 + 15:00-19:00,休息,休息,11:00-15:00 + 15:00-19:00,11:00-15:00 + 15:00-19:00
73,小组2,8:00-12:00 + 15:00-19:00,11:00-15:00 + 15:00-19:00,11:00-15:00 + 15:00-19:00,11:00-15:00 + 15:00-19:00,11:00-15:00 + 15:00-19:00,11:00-15:00 + 15:00-19:00,休息,休息,11:00-15:00 + 15:00-19:00,11:00-15:00 + 15:00-19:00
74,小组2,9:00-13:00 + 14:00-18:00,11:00-15:00 + 15:00-19:00,11:00-15:00 + 15:00-19:00,11:00-15:00 + 15:00-19:00,11:00-15:00 + 15:00-19:00,11:00-15:00 + 15:00-19:00,休息,休息,11:00-15:00 + 15:00-19:00,11:00-15:00 + 15:00-19:00
75,小组2,11:00-15:00 + 15:00-19:00,11:00-15:00 + 15:00-19:00,11:00-15:00 + 15:00-19:00,11:00-15:00 + 15:00-19:00,11:00-15:00 + 15:00-19:00,11:00-15:00 + 15:00-19:00,休息,休息,11:00-15:00 + 15:00-19:00,11:00-15:00 + 15:00-19:00
76,小组2,11:00-15:00 + 15:00-19:00,11:00-15:00 + 15:00-19:00,11:00-15:00 + 15:00-19:00,11:00-15:00 + 15:00-19:00,11:00-15:00 + 15:00-19:00,11:00-15:00 + 15:00-19:00,休息,休息,11:00-15:00 + 15:00-19:00,11:00-15:00 + 15:00-19:00
77,小组2,11:00-15:00 + 15:00-19:00,11:00-15:00 + 15:00-19:00,11:00-15:00 + 15:00-19:00,11:00-15:00 + 15:00-19:00,11:00-15:00 + 15:00-19:00,11:00-15:00 + 15:00-19:00,休息,休息,11:00-15:00 + 15:00-19:00,11:00-15:00 + 15:00-19:00
78,小组2,11:00-15:00 + 15:00-19:00,11:00-15:00 + 15:00-19:00,11:00-15:00 + 15:00-19:00,11:00-15:00 + 15:00-19:00,11:00-15:00 + 15:00-19:00,11:00-15:00 + 15:00-19:00,休息,休息,11:00-15:00 + 15:00-19:00,11:00-15:00 + 15:00-19:00
79,小组3,休息,8:00-12:00 + 13:00-17:00,休息,8:00-12:00 + 12:00-16:00,8:00-12:00 + 12:00-16:00,8:00-12:00 + 12:00-16:00,8:00-12:00 + 15:00-19:00,8:00-12:00 + 12:00-16:00,8:00-12:00 + 12:00-16:00,8:00-12:00 + 13:00-17:00
80,小组3,休息,休息,8:00-12:00 + 12:00-16:00,8:00-12:00 + 12:00-16:00,8:00-12:00 + 12:00-16:00,8:00-12:00 + 12:00-16:00,8:00-12:00 + 15:00-19:00,8:00-12:00 + 12:00-16:00,8:00-12:00 + 12:00-16:00,8:00-12:00 + 13:00-17:00
81,小组3,休息,8:00-12:00 + 13:00-17:00,休息,8:00-12:00 + 12:00-16:00,8:00-12:00 + 15:00-19:00,8:00-12:00 + 12:00-16:00,8:00-12:00 + 15:00-19:00,8:00-12:00 + 12:00-16:00,8:00-12:00 + 12:00-16:00,8:00-12:00 + 13:00-17:00
82,小组3,休息,休息,8:00-12:00 + 12:00-16:00,8:00-12:00 + 12:00-16:00,8:00-12:00 + 15:00-19:00,8:00-12:00 + 12:00-16:00,8:00-12:00 + 15:00-19:00,8:00-12:00 + 12:00-16:00,8:00-12:00 + 12:00-16:00,8:00-12:00 + 13:00-17:00
83,小组3,休息,8:00-12:00 + 13:00-17:00,休息,8:00-12:00 + 12:00-16:00,8:00-12:00 + 15:00-19:00,8:00-12:00 + 12:00-16:00,8:00-12:00 + 15:00-19:00,8:00-12:00 + 12:00-16:00,8:00-12:00 + 12:00-16:00,8:00-12:00 + 13:00-17:00
84,小组3,休息,8:00-12:00 + 13:00-17:00,8:00-12:00 + 12:00-16:00,休息,8:00-12:00 + 15:00-19:00,8:00-12:00 + 12:00-16:00,8:00-12:00 + 15:00-19:00,8:00-12:00 + 12:00-16:00,8:00-12:00 + 14:00-18:00,8:00-12:00 + 13:00-17:00
85,小组3,休息,休息,8:00-12:00 + 12:00-16:00,8:00-12:00 + 12:00-16:00,8:00-12:00 + 15:00-19:00,8:00-12:00 + 12:00-16:00,8:00-12:00 + 15:00-19:00,8:00-12:00 + 12:00-16:00,8:00-12:00 + 14:00-18:00,8:00-12:00 + 13:00-17:00
86,小组3,8:00-12:00 + 15:00-19:00,8:00-12:00 + 13:00-17:00,休息,休息,8:00-12:00 + 15:00-19:00,8:00-12:00 + 12:00-16:00,8:00-12:00 + 15:00-19:00,8:00-12:00 + 12:00-16:00,8:00-12:00 + 14:00-18:00,8:00-12:00 + 13:00-17:00
87,小组3,8:00-12:00 + 15:00-19:00,8:00-12:00 + 13:00-17:00,8:00-12:00 + 12:00-16:00,8:00-12:00 + 12:00-16:00,休息,8:00-12:00 + 12:00-16:00,8:00-12:00 + 15:00-19:00,8:00-12:00 + 12:00-16:00,休息,8:00-12:00 + 13:00-17:00
88,小组3,休息,8:00-12:00 + 13:00-17:00,8:00-12:00 + 13:00-17:00,8:00-12:00 + 12:00-16:00,8:00-12:00 + 15:00-19:00,8:00-12:00 + 12:00-16:00,8:00-12:00 + 15:00-19:00,8:00-12:00 + 12:00-16:00,休息,8:00-12:00 + 13:00-17:00
89,小组3,8:00-12:00 + 15:00-19:00,休息,8:00-12:00 + 13:00-17:00,8:00-12:00 + 12:00-16:00,8:00-12:00 + 15:00-19:00,8:00-12:00 + 12:00-16:00,8:00-12:00 + 15:00-19:00,8:00-12:00 + 12:00-16:00,休息,8:00-12:00 + 13:00-17:00
90,小组3,8:00-12:00 + 15:00-19:00,8:00-12:00 + 13:00-17:00,休息,9:00-13:00 + 14:00-18:00,8:00-12:00 + 15:00-19:00,8:00-12:00 + 15:00-19:00,8:00-12:00 + 15:00-19:00,8:00-12:00 + 12:00-16:00,休息,8:00-12:00 + 13:00-17:00
91,小组3,8:00-12:00 + 15:00-19:00,8:00-12:00 + 13:00-17:00,8:00-12:00 + 13:00-17:00,休息,8:00-12:00 + 15:00-19:00,8:00-12:00 + 15:00-19:00,9:00-13:00 + 13:00-17:00,8:00-12:00 + 15:00-19:00,休息,8:00-12:00 + 13:00-17:00
92,小组3,10:00-14:00 + 15:00-19:00,8:00-12:00 + 13:00-17:00,8:00-12:00 + 13:00-17:00,9:00-13:00 + 14:00-18:00,休息,8:00-12:00 + 15:00-19:00,9:00-13:00 + 13:00-17:00,8:00-12:00 + 15:00-19:00,休息,8:00-12:00 + 13:00-17:00
93,小组3,休息,8:00-12:00 + 13:00-17:00,8:00-12:00 + 13:00-17:00,9:00-13:00 + 14:00-18:00,8:00-12:00 + 15:00-19:00,8:00-12:00 + 15:00-19:00,9:00-13:00 + 13:00-17:00,8:00-12:00 + 15:00-19:00,休息,8:00-12:00 + 15:00-19:00
94,小组3,10:00-14:00 + 15:00-19:00,休息,8:00-12:00 + 13:00-17:00,9:00-13:00 + 14:00-18:00,8:00-12:00 + 15:00-19:00,8:00-12:00 + 15:00-19:00,9:00-13:00 + 13:00-17:00,8:00-12:00 + 15:00-19:00,休息,8:00-12:00 + 15:00-19:00
95,小组3,10:00-14:00 + 15:00-19:00,8:00-12:00 + 13:00-17:00,休息,9:00-13:00 + 14:00-18:00,8:00-12:00 + 15:00-19:00,8:00-12:00 + 15:00-19:00,9:00-13:00 + 13:00-17:00,8:00-12:00 + 15:00-19:00,休息,8:00-12:00 + 15:00-19:00
96,小组3,10:00-14:00 + 15:00-19:00,8:00-12:00 + 13:00-17:00,8:00-12:00 + 13:00-17:00,休息,8:00-12:00 + 15:00-19:00,8:00-12:00 + 15:00-19:00,9:00-13:00 + 13:00-17:00,8:00-12:00 + 15:00-19:00,休息,8:00-12:00 + 15:00-19:00
97,小组3,休息,8:00-12:00 + 15:00-19:00,8:00-12:00 + 13:00-17:00,9:00-13:00 + 15:00-19:00,休息,8:00-12:00 + 15:00-19:00,9:00-13:00 + 13:00-17:00,8:00-12:00 + 15:00-19:00,8:00-12:00 + 14:00-18:00,8:00-12:00 + 15:00-19:00
98,小组3,休息,8:00-12:00 + 15:00-19:00,8:00-12:00 + 13:00-17:00,9:00-13:00 + 15:00-19:00,8:00-12:00 + 15:00-19:00,休息,9:00-13:00 + 13:00-17:00,8:00-12:00 + 15:00-19:00,8:00-12:00 + 14:00-18:00,9:00-13:00 + 14:00-18:00
99,小组3,休息,休息,8:00-12:00 + 13:00-17:00,9:00-13:00 + 15:00-19:00,8:00-12:00 + 15:00-19:00,8:00-12:00 + 15:00-19:00,9:00-13:00 + 13:00-17:00,8:00-12:00 + 15:00-19:00,8:00-12:00 + 14:00-18:00,9:00-13:00 + 14:00-18:00
100,小组3,休息,8:00-12:00 + 15:00-19:00,休息,9:00-13:00 + 15:00-19:00,8:00-12:00 + 15:00-19:00,8:00-12:00 + 15:00-19:00,9:00-13:00 + 13:00-17:00,8:00-12:00 + 15:00-19:00,8:00-12:00 + 14:00-18:00,9:00-13:00 + 14:00-18:00
101,小组3,休息,8:00-12:00 + 15:00-19:00,8:00-12:00 + 13:00-17:00,休息,8:00-12:00 + 15:00-19:00,8:00-12:00 + 15:00-19:00,9:00-13:00 + 13:00-17:00,8:00-12:00 + 15:00-19:00,8:00-12:00 + 14:00-18:00,11:00-15:00 + 15:00-19:00
102,小组3,休息,8:00-12:00 + 15:00-19:00,8:00-12:00 + 13:00-17:00,9:00-13:00 + 15:00-19:00,休息,8:00-12:00 + 15:00-19:00,9:00-13:00 + 13:00-17:00,8:00-12:00 + 15:00-19:00,8:00-12:00 + 14:00-18:00,11:00-15:00 + 15:00-19:00
103,小组3,休息,8:00-12:00 + 15:00-19:00,8:00-12:00 + 13:00-17:00,9:00-13:00 + 15:00-19:00,8:00-12:00 + 15:00-19:00,休息,10:00-14:00 + 15:00-19:00,10:00-14:00 + 14:00-18:00,8:00-12:00 + 14:00-18:00,11:00-15:00 + 15:00-19:00
104,小组3,休息,8:00-12:00 + 15:00-19:00,8:00-12:00 + 13:00-17:00,9:00-13:00 + 15:00-19:00,9:00-13:00 + 13:00-17:00,10:00-14:00 + 15:00-19:00,休息,11:00-15:00 + 15:00-19:00,8:00-12:00 + 14:00-18:00,11:00-15:00 + 15:00-19:00
105,小组3,休息,8:00-12:00 + 15:00-19:00,8:00-12:00 + 13:00-17:00,9:00-13:00 + 15:00-19:00,9:00-13:00 + 13:00-17:00,10:00-14:00 + 15:00-19:00,10:00-14:00 + 15:00-19:00,11:00-15:00 + 15:00-19:00,10:00-14:00 + 15:00-19:00,休息
106,小组3,休息,8:00-12:00 + 15:00-19:00,8:00-12:00 + 13:00-17:00,9:00-13:00 + 15:00-19:00,9:00-13:00 + 13:00-17:00,10:00-14:00 + 15:00-19:00,10:00-14:00 + 15:00-19:00,11:00-15:00 + 15:00-19:00,10:00-14:00 + 15:00-19:00,休息
107,小组3,休息,8:00-12:00 + 15:00-19:00,8:00-12:00 + 13:00-17:00,9:00-13:00 + 15:00-19:00,9:00-13:00 + 13:00-17:00,10:00-14:00 + 15:00-19:00,10:00-14:00 + 15:00-19:00,11:00-15:00 + 15:00-19:00,10:00-14:00 + 15:00-19:00,休息
108,小组3,休息,8:00-12:00 + 15:00-19:00,8:00-12:00 + 13:00-17:00,9:00-13:00 + 15:00-19:00,9:00-13:00 + 13:00-17:00,10:00-14:00 + 15:00-19:00,10:00-14:00 + 15:00-19:00,11:00-15:00 + 15:00-19:00,10:00-14:00 + 15:00-19:00,休息
109,小组3,休息,8:00-12:00 + 15:00-19:00,8:00-12:00 + 13:00-17:00,9:00-13:00 + 15:00-19:00,9:00-13:00 + 13:00-17:00,10:00-14:00 + 15:00-19:00,10:00-14:00 + 15:00-19:00,11:00-15:00 + 15:00-19:00,10:00-14:00 + 15:00-19:00,休息
110,小组3,休息,8:00-12:00 + 15:00-19:00,8:00-12:00 + 13:00-17:00,休息,11:00-15:00 + 15:00-19:00,10:00-14:00 + 15:00-19:00,11:00-15:00 + 15:00-19:00,11:00-15:00 + 15:00-19:00,10:00-14:00 + 15:00-19:00,11:00-15:00 + 15:00-19:00
111,小组3,休息,8:00-12:00 + 15:00-19:00,8:00-12:00 + 13:00-17:00,休息,11:00-15:00 + 15:00-19:00,10:00-14:00 + 15:00-19:00,11:00-15:00 + 15:00-19:00,11:00-15:00 + 15:00-19:00,10:00-14:00 + 15:00-19:00,11:00-15:00 + 15:00-19:00
112,小组3,10:00-14:00 + 15:00-19:00,10:00-14:00 + 15:00-19:00,休息,休息,11:00-15:00 + 15:00-19:00,10:00-14:00 + 15:00-19:00,11:00-15:00 + 15:00-19:00,11:00-15:00 + 15:00-19:00,10:00-14:00 + 15:00-19:00,11:00-15:00 + 15:00-19:00
113,小组3,10:00-14:00 + 15:00-19:00,10:00-14:00 + 15:00-19:00,休息,休息,11:00-15:00 + 15:00-19:00,10:00-14:00 + 15:00-19:00,11:00-15:00 + 15:00-19:00,11:00-15:00 + 15:00-19:00,10:00-14:00 + 15:00-19:00,11:00-15:00 + 15:00-19:00
114,小组3,10:00-14:00 + 15:00-19:00,10:00-14:00 + 15:00-19:00,休息,休息,11:00-15:00 + 15:00-19:00,10:00-14:00 + 15:00-19:00,11:00-15:00 + 15:00-19:00,11:00-15:00 + 15:00-19:00,10:00-14:00 + 15:00-19:00,11:00-15:00 + 15:00-19:00
115,小组3,11:00-15:00 + 15:00-19:00,10:00-14:00 + 15:00-19:00,8:00-12:00 + 13:00-17:00,休息,休息,10:00-14:00 + 15:00-19:00,11:00-15:00 + 15:00-19:00,11:00-15:00 + 15:00-19:00,10:00-14:00 + 15:00-19:00,11:00-15:00 + 15:00-19:00
116,小组3,11:00-15:00 + 15:00-19:00,10:00-14:00 + 15:00-19:00,8:00-12:00 + 15:00-19:00,休息,休息,10:00-14:00 + 15:00-19:00,11:00-15:00 + 15:00-19:00,11:00-15:00 + 15:00-19:00,10:00-14:00 + 15:00-19:00,11:00-15:00 + 15:00-19:00
117,小组3,11:00-15:00 + 15:00-19:00,10:00-14:00 + 15:00-19:00,8:00-12:00 + 15:00-19:00,9:00-13:00 + 15:00-19:00,休息,休息,11:00-15:00 + 15:00-19:00,11:00-15:00 + 15:00-19:00,10:00-14:00 + 15:00-19:00,11:00-15:00 + 15:00-19:00
118,小组3,11:00-15:00 + 15:00-19:00,10:00-14:00 + 15:00-19:00,8:00-12:00 + 15:00-19:00,11:00-15:00 + 15:00-19:00,11:00-15:00 + 15:00-19:00,休息,休息,11:00-15:00 + 15:00-19:00,11:00-15:00 + 15:00-19:00,11:00-15:00 + 15:00-19:00
119,小组3,11:00-15:00 + 15:00-19:00,10:00-14:00 + 15:00-19:00,10:00-14:00 + 14:00-18:00,11:00-15:00 + 15:00-19:00,11:00-15:00 + 15:00-19:00,休息,休息,11:00-15:00 + 15:00-19:00,11:00-15:00 + 15:00-19:00,11:00-15:00 + 15:00-19:00
120,小组3,11:00-15:00 + 15:00-19:00,10:00-14:00 + 15:00-19:00,10:00-14:00 + 14:00-18:00,11:00-15:00 + 15:00-19:00,11:00-15:00 + 15:00-19:00,10:00-14:00 + 15:00-19:00,休息,休息,11:00-15:00 + 15:00-19:00,11:00-15:00 + 15:00-19:00
121,小组3,休息,10:00-14:00 + 15:00-19:00,10:00-14:00 + 14:00-18:00,11:00-15:00 + 15:00-19:00,11:00-15:00 + 15:00-19:00,10:00-14:00 + 15:00-19:00,11:00-15:00 + 15:00-19:00,休息,11:00-15:00 + 15:00-19:00,11:00-15:00 + 15:00-19:00
122,小组4,休息,8:00-12:00 + 12:00-16:00,休息,8:00-12:00 + 12:00-16:00,8:00-12:00 + 12:00-16:00,8:00-12:00 + 12:00-16:00,8:00-12:00 + 12:00-16:00,8:00-12:00 + 12:00-16:00,8:00-12:00 + 12:00-16:00,8:00-12:00 + 13:00-17:00
123,小组4,休息,8:00-12:00 + 12:00-16:00,休息,8:00-12:00 + 13:00-17:00,8:00-12:00 + 12:00-16:00,8:00-12:00 + 12:00-16:00,8:00-12:00 + 12:00-16:00,8:00-12:00 + 12:00-16:00,8:00-12:00 + 12:00-16:00,8:00-12:00 + 13:00-17:00
124,小组4,休息,8:00-12:00 + 12:00-16:00,休息,8:00-12:00 + 13:00-17:00,8:00-12:00 + 12:00-16:00,8:00-12:00 + 12:00-16:00,8:00-12:00 + 13:00-17:00,8:00-12:00 + 12:00-16:00,8:00-12:00 + 12:00-16:00,8:00-12:00 + 13:00-17:00
125,小组4,休息,8:00-12:00 + 12:00-16:00,8:00-12:00 + 15:00-19:00,休息,8:00-12:00 + 12:00-16:00,8:00-12:00 + 12:00-16:00,8:00-12:00 + 13:00-17:00,8:00-12:00 + 12:00-16:00,8:00-12:00 + 12:00-16:00,8:00-12:00 + 13:00-17:00
126,小组4,休息,休息,8:00-12:00 + 15:00-19:00,8:00-12:00 + 13:00-17:00,8:00-12:00 + 12:00-16:00,8:00-12:00 + 12:00-16:00,8:00-12:00 + 13:00-17:00,8:00-12:00 + 12:00-16:00,8:00-12:00 + 12:00-16:00,8:00-12:00 + 13:00-17:00
127,小组4,8:00-12:00 + 12:00-16:00,8:00-12:00 + 12:00-16:00,休息,休息,8:00-12:00 + 12:00-16:00,8:00-12:00 + 12:00-16:00,8:00-12:00 + 13:00-17:00,8:00-12:00 + 12:00-16:00,8:00-12:00 + 12:00-16:00,8:00-12:00 + 13:00-17:00
128,小组4,休息,休息,8:00-12:00 + 15:00-19:00,8:00-12:00 + 13:00-17:00,8:00-12:00 + 12:00-16:00,8:00-12:00 + 12:00-16:00,8:00-12:00 + 13:00-17:00,8:00-12:00 + 12:00-16:00,8:00-12:00 + 12:00-16:00,8:00-12:00 + 13:00-17:00
129,小组4,8:00-12:00 + 12:00-16:00,8:00-12:00 + 15:00-19:00,休息,休息,8:00-12:00 + 12:00-16:00,8:00-12:00 + 12:00-16:00,8:00-12:00 + 14:00-18:00,8:00-12:00 + 12:00-16:00,8:00-12:00 + 12:00-16:00,8:00-12:00 + 13:00-17:00
130,小组4,休息,休息,8:00-12:00 + 15:00-19:00,8:00-12:00 + 13:00-17:00,8:00-12:00 + 12:00-16:00,8:00-12:00 + 12:00-16:00,8:00-12:00 + 14:00-18:00,8:00-12:00 + 12:00-16:00,8:00-12:00 + 12:00-16:00,8:00-12:00 + 14:00-18:00
131,小组4,8:00-12:00 + 12:00-16:00,8:00-12:00 + 15:00-19:00,休息,休息,8:00-12:00 + 15:00-19:00,8:00-12:00 + 12:00-16:00,8:00-12:00 + 14:00-18:00,8:00-12:00 + 12:00-16:00,8:00-12:00 + 12:00-16:00,8:00-12:00 + 14:00-18:00
132,小组4,8:00-12:00 + 12:00-16:00,8:00-12:00 + 15:00-19:00,8:00-12:00 + 15:00-19:00,8:00-12:00 + 13:00-17:00,休息,休息,8:00-12:00 + 14:00-18:00,8:00-12:00 + 12:00-16:00,8:00-12:00 + 12:00-16:00,8:00-12:00 + 14:00-18:00
133,小组4,休息,休息,9:00-13:00 + 15:00-19:00,8:00-12:00 + 13:00-17:00,8:00-12:00 + 15:00-19:00,8:00-12:00 + 12:00-16:00,8:00-12:00 + 14:00-18:00,8:00-12:00 + 12:00-16:00,8:00-12:00 + 12:00-16:00,8:00-12:00 + 14:00-18:00
134,小组4,8:00-12:00 + 12:00-16:00,8:00-12:00 + 15:00-19:00,休息,休息,8:00-12:00 + 15:00-19:00,8:00-12:00 + 15:00-19:00,8:00-12:00 + 14:00-18:00,8:00-12:00 + 14:00-18:00,8:00-12:00 + 12:00-16:00,8:00-12:00 + 15:00-19:00
135,小组4,8:00-12:00 + 12:00-16:00,8:00-12:00 + 15:00-19:00,9:00-13:00 + 15:00-19:00,8:00-12:00 + 13:00-17:00,休息,休息,8:00-12:00 + 14:00-18:00,8:00-12:00 + 14:00-18:00,8:00-12:00 + 12:00-16:00,8:00-12:00 + 15:00-19:00
136,小组4,休息,休息,9:00-13:00 + 15:00-19:00,8:00-12:00 + 13:00-17:00,8:00-12:00 + 15:00-19:00,8:00-12:00 + 15:00-19:00,8:00-12:00 + 14:00-18:00,8:00-12:00 + 15:00-19:00,8:00-12:00 + 12:00-16:00,9:00-13:00 + 13:00-17:00
137,小组4,8:00-12:00 + 12:00-16:00,8:00-12:00 + 15:00-19:00,休息,休息,8:00-12:00 + 15:00-19:00,8:00-12:00 + 15:00-19:00,8:00-12:00 + 14:00-18:00,8:00-12:00 + 15:00-19:00,8:00-12:00 + 12:00-16:00,9:00-13:00 + 13:00-17:00
138,小组4,8:00-12:00 + 12:00-16:00,8:00-12:00 + 15:00-19:00,9:00-13:00 + 15:00-19:00,9:00-13:00 + 13:00-17:00,休息,休息,8:00-12:00 + 14:00-18:00,8:00-12:00 + 15:00-19:00,8:00-12:00 + 12:00-16:00,9:00-13:00 + 13:00-17:00
139,小组4,休息,休息,9:00-13:00 + 15:00-19:00,9:00-13:00 + 13:00-17:00,8:00-12:00 + 15:00-19:00,8:00-12:00 + 15:00-19:00,8:00-12:00 + 14:00-18:00,8:00-12:00 + 15:00-19:00,8:00-12:00 + 12:00-16:00,9:00-13:00 + 13:00-17:00
140,小组4,8:00-12:00 + 12:00-16:00,8:00-12:00 + 15:00-19:00,休息,9:00-13:00 + 13:00-17:00,8:00-12:00 + 15:00-19:00,8:00-12:00 + 15:00-19:00,8:00-12:00 + 14:00-18:00,8:00-12:00 + 15:00-19:00,9:00-13:00 + 15:00-19:00,休息
141,小组4,8:00-12:00 + 13:00-17:00,8:00-12:00 + 15:00-19:00,9:00-13:00 + 15:00-19:00,休息,8:00-12:00 + 15:00-19:00,8:00-12:00 + 15:00-19:00,8:00-12:00 + 15:00-19:00,9:00-13:00 + 14:00-18:00,9:00-13:00 + 15:00-19:00,休息
142,小组4,8:00-12:00 + 15:00-19:00,8:00-12:00 + 15:00-19:00,9:00-13:00 + 15:00-19:00,9:00-13:00 + 14:00-18:00,休息,8:00-12:00 + 15:00-19:00,8:00-12:00 + 15:00-19:00,9:00-13:00 + 14:00-18:00,9:00-13:00 + 15:00-19:00,休息
143,小组4,8:00-12:00 + 15:00-19:00,8:00-12:00 + 15:00-19:00,9:00-13:00 + 15:00-19:00,11:00-15:00 + 15:00-19:00,8:00-12:00 + 15:00-19:00,休息,10:00-14:00 + 15:00-19:00,9:00-13:00 + 14:00-18:00,9:00-13:00 + 15:00-19:00,休息
144,小组4,休息,8:00-12:00 + 15:00-19:00,10:00-14:00 + 14:00-18:00,11:00-15:00 + 15:00-19:00,8:00-12:00 + 15:00-19:00,8:00-12:00 + 15:00-19:00,10:00-14:00 + 15:00-19:00,9:00-13:00 + 14:00-18:00,9:00-13:00 + 15:00-19:00,休息
145,小组4,休息,8:00-12:00 + 15:00-19:00,10:00-14:00 + 14:00-18:00,11:00-15:00 + 15:00-19:00,8:00-12:00 + 15:00-19:00,8:00-12:00 + 15:00-19:00,10:00-14:00 + 15:00-19:00,9:00-13:00 + 14:00-18:00,9:00-13:00 + 15:00-19:00,休息
146,小组4,休息,8:00-12:00 + 15:00-19:00,10:00-14:00 + 14:00-18:00,11:00-15:00 + 15:00-19:00,8:00-12:00 + 15:00-19:00,8:00-12:00 + 15:00-19:00,10:00-14:00 + 15:00-19:00,10:00-14:00 + 14:00-18:00,9:00-13:00 + 15:00-19:00,休息
147,小组4,休息,10:00-14:00 + 15:00-19:00,10:00-14:00 + 14:00-18:00,11:00-15:00 + 15:00-19:00,8:00-12:00 + 15:00-19:00,8:00-12:00 + 15:00-19:00,10:00-14:00 + 15:00-19:00,10:00-14:00 + 14:00-18:00,9:00-13:00 + 15:00-19:00,休息
148,小组4,休息,10:00-14:00 + 15:00-19:00,11:00-15:00 + 15:00-19:00,11:00-15:00 + 15:00-19:00,10:00-14:00 + 14:00-18:00,8:00-12:00 + 15:00-19:00,10:00-14:00 + 15:00-19:00,10:00-14:00 + 14:00-18:00,9:00-13:00 + 15:00-19:00,休息
149,小组4,休息,10:00-14:00 + 15:00-19:00,11:00-15:00 + 15:00-19:00,11:00-15:00 + 15:00-19:00,10:00-14:00 + 14:00-18:00,8:00-12:00 + 15:00-19:00,10:00-14:00 + 15:00-19:00,11:00-15:00 + 15:00-19:00,9:00-13:00 + 15:00-19:00,休息
150,小组4,休息,10:00-14:00 + 15:00-19:00,11:00-15:00 + 15:00-19:00,11:00-15:00 + 15:00-19:00,10:00-14:00 + 15:00-19:00,8:00-12:00 + 15:00-19:00,10:00-14:00 + 15:00-19:00,11:00-15:00 + 15:00-19:00,9:00-13:00 + 15:00-19:00,休息
151,小组4,休息,10:00-14:00 + 15:00-19:00,11:00-15:00 + 15:00-19:00,休息,10:00-14:00 + 15:00-19:00,8:00-12:00 + 15:00-19:00,10:00-14:00 + 15:00-19:00,11:00-15:00 + 15:00-19:00,10:00-14:00 + 15:00-19:00,9:00-13:00 + 13:00-17:00
152,小组4,休息,10:00-14:00 + 15:00-19:00,11:00-15:00 + 15:00-19:00,休息,10:00-14:00 + 15:00-19:00,8:00-12:00 + 15:00-19:00,10:00-14:00 + 15:00-19:00,11:00-15:00 + 15:00-19:00,10:00-14:00 + 15:00-19:00,9:00-13:00 + 13:00-17:00
153,小组4,10:00-14:00 + 15:00-19:00,11:00-15:00 + 15:00-19:00,11:00-15:00 + 15:00-19:00,休息,休息,8:00-12:00 + 15:00-19:00,10:00-14:00 + 15:00-19:00,11:00-15:00 + 15:00-19:00,10:00-14:00 + 15:00-19:00,9:00-13:00 + 13:00-17:00
154,小组4,10:00-14:00 + 15:00-19:00,11:00-15:00 + 15:00-19:00,11:00-15:00 + 15:00-19:00,休息,休息,8:00-12:00 + 15:00-19:00,11:00-15:00 + 15:00-19:00,11:00-15:00 + 15:00-19:00,10:00-14:00 + 15:00-19:00,9:00-13:00 + 13:00-17:00
155,小组4,10:00-14:00 + 15:00-19:00,11:00-15:00 + 15:00-19:00,11:00-15:00 + 15:00-19:00,休息,休息,10:00-14:00 + 15:00-19:00,11:00-15:00 + 15:00-19:00,11:00-15:00 + 15:00-19:00,10:00-14:00 + 15:00-19:00,9:00-13:00 + 13:00-17:00
156,小组4,11:00-15:00 + 15:00-19:00,11:00-15:00 + 15:00-19:00,11:00-15:00 + 15:00-19:00,11:00-15:00 + 15:00-19:00,休息,10:00-14:00 + 15:00-19:00,11:00-15:00 + 15:00-19:00,休息,10:00-14:00 + 15:00-19:00,9:00-13:00 + 13:00-17:00
157,小组4,11:00-15:00 + 15:00-19:00,11:00-15:00 + 15:00-19:00,11:00-15:00 + 15:00-19:00,11:00-15:00 + 15:00-19:00,休息,10:00-14:00 + 15:00-19:00,11:00-15:00 + 15:00-19:00,休息,10:00-14:00 + 15:00-19:00,9:00-13:00 + 13:00-17:00
158,小组4,11:00-15:00 + 15:00-19:00,11:00-15:00 + 15:00-19:00,11:00-15:00 + 15:00-19:00,11:00-15:00 + 15:00-19:00,休息,10:00-14:00 + 15:00-19:00,11:00-15:00 + 15:00-19:00,休息,10:00-14:00 + 15:00-19:00,9:00-13:00 + 13:00-17:00
159,小组4,11:00-15:00 + 15:00-19:00,11:00-15:00 + 15:00-19:00,11:00-15:00 + 15:00-19:00,11:00-15:00 + 15:00-19:00,11:00-15:00 + 15:00-19:00,10:00-14:00 + 15:00-19:00,休息,休息,10:00-14:00 + 15:00-19:00,9:00-13:00 + 13:00-17:00
160,小组4,11:00-15:00 + 15:00-19:00,11:00-15:00 + 15:00-19:00,11:00-15:00 + 15:00-19:00,11:00-15:00 + 15:00-19:00,11:00-15:00 + 15:00-19:00,10:00-14:00 + 15:00-19:00,休息,休息,10:00-14:00 + 15:00-19:00,9:00-13:00 + 13:00-17:00
161,小组4,11:00-15:00 + 15:00-19:00,11:00-15:00 + 15:00-19:00,11:00-15:00 + 15:00-19:00,11:00-15:00 + 15:00-19:00,11:00-15:00 + 15:00-19:00,11:00-15:00 + 15:00-19:00,休息,休息,10:00-14:00 + 15:00-19:00,10:00-14:00 + 14:00-18:00
162,小组4,11:00-15:00 + 15:00-19:00,11:00-15:00 + 15:00-19:00,11:00-15:00 + 15:00-19:00,11:00-15:00 + 15:00-19:00,11:00-15:00 + 15:00-19:00,11:00-15:00 + 15:00-19:00,休息,休息,10:00-14:00 + 15:00-19:00,11:00-15:00 + 15:00-19:00
163,小组5,休息,休息,8:00-12:00 + 13:00-17:00,8:00-12:00 + 12:00-16:00,8:00-12:00 + 12:00-16:00,8:00-12:00 + 12:00-16:00,8:00-12:00 + 14:00-18:00,8:00-12:00 + 12:00-16:00,8:00-12:00 + 12:00-16:00,8:00-12:00 + 13:00-17:00
164,小组5,休息,休息,8:00-12:00 + 15:00-19:00,8:00-12:00 + 12:00-16:00,8:00-12:00 + 12:00-16:00,8:00-12:00 + 12:00-16:00,8:00-12:00 + 14:00-18:00,8:00-12:00 + 12:00-16:00,8:00-12:00 + 12:00-16:00,8:00-12:00 + 13:00-17:00
165,小组5,休息,8:00-12:00 + 12:00-16:00,休息,8:00-12:00 + 12:00-16:00,8:00-12:00 + 12:00-16:00,8:00-12:00 + 12:00-16:00,8:00-12:00 + 14:00-18:00,8:00-12:00 + 12:00-16:00,8:00-12:00 + 12:00-16:00,8:00-12:00 + 13:00-17:00
166,小组5,休息,8:00-12:00 + 12:00-16:00,8:00-12:00 + 15:00-19:00,休息,8:00-12:00 + 12:00-16:00,8:00-12:00 + 12:00-16:00,8:00-12:00 + 14:00-18:00,8:00-12:00 + 12:00-16:00,8:00-12:00 + 12:00-16:00,8:00-12:00 + 13:00-17:00
167,小组5,休息,休息,8:00-12:00 + 15:00-19:00,8:00-12:00 + 12:00-16:00,8:00-12:00 + 12:00-16:00,8:00-12:00 + 12:00-16:00,8:00-12:00 + 14:00-18:00,8:00-12:00 + 12:00-16:00,8:00-12:00 + 12:00-16:00,8:00-12:00 + 13:00-17:00
168,小组5,休息,8:00-12:00 + 12:00-16:00,休息,8:00-12:00 + 12:00-16:00,8:00-12:00 + 12:00-16:00,8:00-12:00 + 12:00-16:00,8:00-12:00 + 14:00-18:00,8:00-12:00 + 12:00-16:00,8:00-12:00 + 12:00-16:00,8:00-12:00 + 13:00-17:00
169,小组5,休息,8:00-12:00 + 13:00-17:00,8:00-12:00 + 15:00-19:00,休息,8:00-12:00 + 12:00-16:00,8:00-12:00 + 12:00-16:00,8:00-12:00 + 14:00-18:00,8:00-12:00 + 12:00-16:00,8:00-12:00 + 12:00-16:00,8:00-12:00 + 13:00-17:00
170,小组5,8:00-12:00 + 13:00-17:00,休息,休息,8:00-12:00 + 14:00-18:00,8:00-12:00 + 12:00-16:00,8:00-12:00 + 12:00-16:00,8:00-12:00 + 14:00-18:00,8:00-12:00 + 12:00-16:00,8:00-12:00 + 12:00-16:00,8:00-12:00 + 13:00-17:00
171,小组5,8:00-12:00 + 13:00-17:00,8:00-12:00 + 13:00-17:00,9:00-13:00 + 14:00-18:00,休息,休息,8:00-12:00 + 12:00-16:00,8:00-12:00 + 14:00-18:00,8:00-12:00 + 12:00-16:00,8:00-12:00 + 12:00-16:00,8:00-12:00 + 13:00-17:00
172,小组5,休息,休息,9:00-13:00 + 14:00-18:00,8:00-12:00 + 14:00-18:00,8:00-12:00 + 12:00-16:00,8:00-12:00 + 14:00-18:00,8:00-12:00 + 14:00-18:00,8:00-12:00 + 12:00-16:00,8:00-12:00 + 12:00-16:00,8:00-12:00 + 13:00-17:00
173,小组5,8:00-12:00 + 13:00-17:00,8:00-12:00 + 13:00-17:00,休息,休息,8:00-12:00 + 12:00-16:00,8:00-12:00 + 15:00-19:00,8:00-12:00 + 14:00-18:00,8:00-12:00 + 12:00-16:00,8:00-12:00 + 12:00-16:00,8:00-12:00 + 13:00-17:00
174,小组5,休息,8:00-12:00 + 13:00-17:00,9:00-13:00 + 15:00-19:00,8:00-12:00 + 14:00-18:00,休息,8:00-12:00 + 15:00-19:00,8:00-12:00 + 14:00-18:00,8:00-12:00 + 12:00-16:00,8:00-12:00 + 12:00-16:00,8:00-12:00 + 13:00-17:00
175,小组5,8:00-12:00 + 13:00-17:00,休息,休息,8:00-12:00 + 14:00-18:00,8:00-12:00 + 12:00-16:00,8:00-12:00 + 15:00-19:00,8:00-12:00 + 14:00-18:00,8:00-12:00 + 12:00-16:00,8:00-12:00 + 13:00-17:00,8:00-12:00 + 13:00-17:00
176,小组5,8:00-12:00 + 13:00-17:00,8:00-12:00 + 13:00-17:00,9:00-13:00 + 15:00-19:00,休息,休息,8:00-12:00 + 15:00-19:00,8:00-12:00 + 14:00-18:00,8:00-12:00 + 15:00-19:00,8:00-12:00 + 14:00-18:00,8:00-12:00 + 14:00-18:00
177,小组5,休息,休息,9:00-13:00 + 15:00-19:00,8:00-12:00 + 14:00-18:00,8:00-12:00 + 12:00-16:00,8:00-12:00 + 15:00-19:00,8:00-12:00 + 14:00-18:00,8:00-12:00 + 15:00-19:00,8:00-12:00 + 14:00-18:00,8:00-12:00 + 14:00-18:00
178,小组5,8:00-12:00 + 13:00-17:00,8:00-12:00 + 13:00-17:00,休息,8:00-12:00 + 14:00-18:00,8:00-12:00 + 12:00-16:00,8:00-12:00 + 15:00-19:00,8:00-12:00 + 14:00-18:00,8:00-12:00 + 15:00-19:00,8:00-12:00 + 14:00-18:00,休息
179,小组5,8:00-12:00 + 13:00-17:00,8:00-12:00 + 13:00-17:00,9:00-13:00 + 15:00-19:00,休息,8:00-12:00 + 12:00-16:00,9:00-13:00 + 14:00-18:00,8:00-12:00 + 14:00-18:00,8:00-12:00 + 15:00-19:00,8:00-12:00 + 15:00-19:00,休息
180,小组5,8:00-12:00 + 13:00-17:00,8:00-12:00 + 13:00-17:00,9:00-13:00 + 15:00-19:00,8:00-12:00 + 14:00-18:00,休息,10:00-14:00 + 14:00-18:00,8:00-12:00 + 14:00-18:00,8:00-12:00 + 15:00-19:00,8:00-12:00 + 15:00-19:00,休息
181,小组5,休息,8:00-12:00 + 13:00-17:00,9:00-13:00 + 15:00-19:00,9:00-13:00 + 13:00-17:00,8:00-12:00 + 12:00-16:00,10:00-14:00 + 14:00-18:00,8:00-12:00 + 14:00-18:00,8:00-12:00 + 15:00-19:00,8:00-12:00 + 15:00-19:00,休息
182,小组5,8:00-12:00 + 15:00-19:00,休息,9:00-13:00 + 15:00-19:00,9:00-13:00 + 14:00-18:00,8:00-12:00 + 12:00-16:00,10:00-14:00 + 14:00-18:00,8:00-12:00 + 14:00-18:00,8:00-12:00 + 15:00-19:00,8:00-12:00 + 15:00-19:00,休息
183,小组5,8:00-12:00 + 15:00-19:00,8:00-12:00 + 13:00-17:00,休息,9:00-13:00 + 14:00-18:00,8:00-12:00 + 12:00-16:00,10:00-14:00 + 14:00-18:00,8:00-12:00 + 15:00-19:00,8:00-12:00 + 15:00-19:00,8:00-12:00 + 15:00-19:00,休息
184,小组5,8:00-12:00 + 15:00-19:00,8:00-12:00 + 13:00-17:00,9:00-13:00 + 15:00-19:00,休息,8:00-12:00 + 15:00-19:00,10:00-14:00 + 14:00-18:00,9:00-13:00 + 13:00-17:00,8:00-12:00 + 15:00-19:00,8:00-12:00 + 15:00-19:00,休息
185,小组5,8:00-12:00 + 15:00-19:00,8:00-12:00 + 13:00-17:00,9:00-13:00 + 15:00-19:00,9:00-13:00 + 14:00-18:00,休息,10:00-14:00 + 14:00-18:00,9:00-13:00 + 13:00-17:00,8:00-12:00 + 15:00-19:00,8:00-12:00 + 15:00-19:00,休息
186,小组5,8:00-12:00 + 15:00-19:00,8:00-12:00 + 15:00-19:00,9:00-13:00 + 15:00-19:00,9:00-13:00 + 14:00-18:00,8:00-12:00 + 15:00-19:00,10:00-14:00 + 14:00-18:00,9:00-13:00 + 13:00-17:00,8:00-12:00 + 15:00-19:00,休息,休息
187,小组5,8:00-12:00 + 15:00-19:00,8:00-12:00 + 15:00-19:00,9:00-13:00 + 15:00-19:00,9:00-13:00 + 14:00-18:00,8:00-12:00 + 15:00-19:00,10:00-14:00 + 14:00-18:00,9:00-13:00 + 13:00-17:00,8:00-12:00 + 15:00-19:00,休息,休息
188,小组5,9:00-13:00 + 13:00-17:00,8:00-12:00 + 15:00-19:00,9:00-13:00 + 15:00-19:00,9:00-13:00 + 14:00-18:00,8:00-12:00 + 15:00-19:00,10:00-14:00 + 14:00-18:00,9:00-13:00 + 13:00-17:00,8:00-12:00 + 15:00-19:00,休息,休息
189,小组5,9:00-13:00 + 13:00-17:00,8:00-12:00 + 15:00-19:00,11:00-15:00 + 15:00-19:00,9:00-13:00 + 14:00-18:00,8:00-12:00 + 15:00-19:00,10:00-14:00 + 14:00-18:00,9:00-13:00 + 13:00-17:00,8:00-12:00 + 15:00-19:00,休息,休息
190,小组5,9:00-13:00 + 13:00-17:00,8:00-12:00 + 15:00-19:00,11:00-15:00 + 15:00-19:00,9:00-13:00 + 14:00-18:00,8:00-12:00 + 15:00-19:00,10:00-14:00 + 14:00-18:00,9:00-13:00 + 13:00-17:00,8:00-12:00 + 15:00-19:00,休息,休息
191,小组5,9:00-13:00 + 13:00-17:00,8:00-12:00 + 15:00-19:00,11:00-15:00 + 15:00-19:00,9:00-13:00 + 15:00-19:00,8:00-12:00 + 15:00-19:00,10:00-14:00 + 14:00-18:00,10:00-14:00 + 15:00-19:00,8:00-12:00 + 15:00-19:00,休息,休息
192,小组5,休息,8:00-12:00 + 15:00-19:00,11:00-15:00 + 15:00-19:00,9:00-13:00 + 15:00-19:00,8:00-12:00 + 15:00-19:00,10:00-14:00 + 14:00-18:00,10:00-14:00 + 15:00-19:00,8:00-12:00 + 15:00-19:00,8:00-12:00 + 15:00-19:00,休息
193,小组5,休息,8:00-12:00 + 15:00-19:00,11:00-15:00 + 15:00-19:00,9:00-13:00 + 15:00-19:00,8:00-12:00 + 15:00-19:00,10:00-14:00 + 14:00-18:00,10:00-14:00 + 15:00-19:00,11:00-15:00 + 15:00-19:00,8:00-12:00 + 15:00-19:00,休息
194,小组5,休息,8:00-12:00 + 15:00-19:00,11:00-15:00 + 15:00-19:00,休息,8:00-12:00 + 15:00-19:00,10:00-14:00 + 14:00-18:00,10:00-14:00 + 15:00-19:00,11:00-15:00 + 15:00-19:00,8:00-12:00 + 15:00-19:00,10:00-14:00 + 14:00-18:00
195,小组5,休息,8:00-12:00 + 15:00-19:00,11:00-15:00 + 15:00-19:00,休息,8:00-12:00 + 15:00-19:00,10:00-14:00 + 14:00-18:00,10:00-14:00 + 15:00-19:00,11:00-15:00 + 15:00-19:00,8:00-12:00 + 15:00-19:00,10:00-14:00 + 14:00-18:00
196,小组5,9:00-13:00 + 14:00-18:00,9:00-13:00 + 13:00-17:00,休息,休息,8:00-12:00 + 15:00-19:00,10:00-14:00 + 14:00-18:00,10:00-14:00 + 15:00-19:00,11:00-15:00 + 15:00-19:00,8:00-12:00 + 15:00-19:00,10:00-14:00 + 14:00-18:00
197,小组5,10:00-14:00 + 15:00-19:00,10:00-14:00 + 15:00-19:00,休息,休息,11:00-15:00 + 15:00-19:00,10:00-14:00 + 14:00-18:00,10:00-14:00 + 15:00-19:00,11:00-15:00 + 15:00-19:00,10:00-14:00 + 15:00-19:00,10:00-14:00 + 14:00-18:00
198,小组5,10:00-14:00 + 15:00-19:00,10:00-14:00 + 15:00-19:00,休息,休息,11:00-15:00 + 15:00-19:00,10:00-14:00 + 14:00-18:00,10:00-14:00 + 15:00-19:00,11:00-15:00 + 15:00-19:00,10:00-14:00 + 15:00-19:00,10:00-14:00 + 14:00-18:00
199,小组5,10:00-14:00 + 15:00-19:00,10:00-14:00 + 15:00-19:00,休息,休息,11:00-15:00 + 15:00-19:00,10:00-14:00 + 14:00-18:00,10:00-14:00 + 15:00-19:00,11:00-15:00 + 15:00-19:00,11:00-15:00 + 15:00-19:00,10:00-14:00 + 14:00-18:00
200,小组5,10:00-14:00 + 15:00-19:00,10:00-14:00 + 15:00-19:00,11:00-15:00 + 15:00-19:00,9:00-13:00 + 15:00-19:00,11:00-15:00 + 15:00-19:00,休息,10:00-14:00 + 15:00-19:00,休息,11:00-15:00 + 15:00-19:00,11:00-15:00 + 15:00-19:00
201,小组5,11:00-15:00 + 15:00-19:00,10:00-14:00 + 15:00-19:00,11:00-15:00 + 15:00-19:00,9:00-13:00 + 15:00-19:00,11:00-15:00 + 15:00-19:00,休息,10:00-14:00 + 15:00-19:00,休息,11:00-15:00 + 15:00-19:00,11:00-15:00 + 15:00-19:00
202,小组5,11:00-15:00 + 15:00-19:00,10:00-14:00 + 15:00-19:00,11:00-15:00 + 15:00-19:00,9:00-13:00 + 15:00-19:00,11:00-15:00 + 15:00-19:00,休息,10:00-14:00 + 15:00-19:00,休息,11:00-15:00 + 15:00-19:00,11:00-15:00 + 15:00-19:00
203,小组5,11:00-15:00 + 15:00-19:00,10:00-14:00 + 15:00-19:00,11:00-15:00 + 15:00-19:00,9:00-13:00 + 15:00-19:00,11:00-15:00 + 15:00-19:00,休息,10:00-14:00 + 15:00-19:00,休息,11:00-15:00 + 15:00-19:00,11:00-15:00 + 15:00-19:00
204,小组5,11:00-15:00 + 15:00-19:00,10:00-14:00 + 15:00-19:00,11:00-15:00 + 15:00-19:00,11:00-15:00 + 15:00-19:00,11:00-15:00 + 15:00-19:00,休息,10:00-14:00 + 15:00-19:00,休息,11:00-15:00 + 15:00-19:00,11:00-15:00 + 15:00-19:00
205,小组5,11:00-15:00 + 15:00-19:00,10:00-14:00 + 15:00-19:00,11:00-15:00 + 15:00-19:00,11:00-15:00 + 15:00-19:00,11:00-15:00 + 15:00-19:00,休息,10:00-14:00 + 15:00-19:00,休息,11:00-15:00 + 15:00-19:00,11:00-15:00 + 15:00-19:00
206,小组5,11:00-15:00 + 15:00-19:00,10:00-14:00 + 15:00-19:00,11:00-15:00 + 15:00-19:00,11:00-15:00 + 15:00-19:00,11:00-15:00 + 15:00-19:00,休息,10:00-14:00 + 15:00-19:00,休息,11:00-15:00 + 15:00-19:00,11:00-15:00 + 15:00-19:00
207,小组6,休息,8:00-12:00 + 12:00-16:00,休息,8:00-12:00 + 12:00-16:00,8:00-12:00 + 15:00-19:00,8:00-12:00 + 12:00-16:00,8:00-12:00 + 12:00-16:00,8:00-12:00 + 12:00-16:00,8:00-12:00 + 12:00-16:00,8:00-12:00 + 12:00-16:00
208,小组6,休息,8:00-12:00 + 14:00-18:00,休息,8:00-12:00 + 14:00-18:00,8:00-12:00 + 15:00-19:00,8:00-12:00 + 12:00-16:00,8:00-12:00 + 12:00-16:00,8:00-12:00 + 12:00-16:00,8:00-12:00 + 12:00-16:00,8:00-12:00 + 12:00-16:00
209,小组6,休息,8:00-12:00 + 14:00-18:00,休息,8:00-12:00 + 14:00-18:00,8:00-12:00 + 15:00-19:00,8:00-12:00 + 12:00-16:00,8:00-12:00 + 12:00-16:00,8:00-12:00 + 12:00-16:00,8:00-12:00 + 12:00-16:00,8:00-12:00 + 12:00-16:00
210,小组6,休息,8:00-12:00 + 14:00-18:00,休息,9:00-13:00 + 14:00-18:00,8:00-12:00 + 15:00-19:00,8:00-12:00 + 12:00-16:00,8:00-12:00 + 12:00-16:00,8:00-12:00 + 12:00-16:00,8:00-12:00 + 12:00-16:00,8:00-12:00 + 13:00-17:00
211,小组6,休息,8:00-12:00 + 14:00-18:00,休息,9:00-13:00 + 14:00-18:00,8:00-12:00 + 15:00-19:00,8:00-12:00 + 12:00-16:00,8:00-12:00 + 12:00-16:00,8:00-12:00 + 12:00-16:00,8:00-12:00 + 12:00-16:00,8:00-12:00 + 13:00-17:00
212,小组6,休息,8:00-12:00 + 14:00-18:00,8:00-12:00 + 13:00-17:00,休息,8:00-12:00 + 15:00-19:00,8:00-12:00 + 12:00-16:00,8:00-12:00 + 12:00-16:00,8:00-12:00 + 12:00-16:00,8:00-12:00 + 12:00-16:00,8:00-12:00 + 13:00-17:00
213,小组6,休息,休息,8:00-12:00 + 13:00-17:00,9:00-13:00 + 14:00-18:00,8:00-12:00 + 15:00-19:00,8:00-12:00 + 12:00-16:00,8:00-12:00 + 12:00-16:00,8:00-12:00 + 12:00-16:00,8:00-12:00 + 12:00-16:00,8:00-12:00 + 13:00-17:00
214,小组6,8:00-12:00 + 15:00-19:00,8:00-12:00 + 14:00-18:00,休息,休息,9:00-13:00 + 15:00-19:00,8:00-12:00 + 12:00-16:00,8:00-12:00 + 12:00-16:00,8:00-12:00 + 12:00-16:00,8:00-12:00 + 12:00-16:00,8:00-12:00 + 13:00-17:00
215,小组6,休息,休息,8:00-12:00 + 13:00-17:00,9:00-13:00 + 14:00-18:00,9:00-13:00 + 15:00-19:00,8:00-12:00 + 12:00-16:00,8:00-12:00 + 12:00-16:00,8:00-12:00 + 15:00-19:00,8:00-12:00 + 13:00-17:00,8:00-12:00 + 13:00-17:00
216,小组6,8:00-12:00 + 15:00-19:00,9:00-13:00 + 15:00-19:00,休息,休息,9:00-13:00 + 15:00-19:00,8:00-12:00 + 12:00-16:00,8:00-12:00 + 12:00-16:00,8:00-12:00 + 15:00-19:00,8:00-12:00 + 14:00-18:00,8:00-12:00 + 13:00-17:00
217,小组6,休息,9:00-13:00 + 15:00-19:00,8:00-12:00 + 13:00-17:00,9:00-13:00 + 14:00-18:00,9:00-13:00 + 15:00-19:00,8:00-12:00 + 12:00-16:00,8:00-12:00 + 15:00-19:00,8:00-12:00 + 15:00-19:00,休息,8:00-12:00 + 13:00-17:00
218,小组6,8:00-12:00 + 15:00-19:00,休息,8:00-12:00 + 13:00-17:00,9:00-13:00 + 14:00-18:00,9:00-13:00 + 15:00-19:00,8:00-12:00 + 12:00-16:00,8:00-12:00 + 15:00-19:00,8:00-12:00 + 15:00-19:00,休息,8:00-12:00 + 14:00-18:00
219,小组6,8:00-12:00 + 15:00-19:00,9:00-13:00 + 15:00-19:00,休息,9:00-13:00 + 14:00-18:00,9:00-13:00 + 15:00-19:00,8:00-12:00 + 12:00-16:00,8:00-12:00 + 15:00-19:00,8:00-12:00 + 15:00-19:00,休息,8:00-12:00 + 14:00-18:00
220,小组6,8:00-12:00 + 15:00-19:00,9:00-13:00 + 15:00-19:00,8:00-12:00 + 13:00-17:00,休息,9:00-13:00 + 15:00-19:00,8:00-12:00 + 12:00-16:00,8:00-12:00 + 15:00-19:00,8:00-12:00 + 15:00-19:00,休息,8:00-12:00 + 14:00-18:00
221,小组6,休息,9:00-13:00 + 15:00-19:00,8:00-12:00 + 13:00-17:00,9:00-13:00 + 14:00-18:00,9:00-13:00 + 15:00-19:00,8:00-12:00 + 12:00-16:00,8:00-12:00 + 15:00-19:00,8:00-12:00 + 15:00-19:00,休息,8:00-12:00 + 14:00-18:00
222,小组6,8:00-12:00 + 15:00-19:00,休息,8:00-12:00 + 13:00-17:00,9:00-13:00 + 15:00-19:00,9:00-13:00 + 15:00-19:00,8:00-12:00 + 12:00-16:00,8:00-12:00 + 15:00-19:00,8:00-12:00 + 15:00-19:00,休息,8:00-12:00 + 14:00-18:00
223,小组6,8:00-12:00 + 15:00-19:00,9:00-13:00 + 15:00-19:00,休息,9:00-13:00 + 15:00-19:00,9:00-13:00 + 15:00-19:00,8:00-12:00 + 12:00-16:00,8:00-12:00 + 15:00-19:00,8:00-12:00 + 15:00-19:00,休息,8:00-12:00 + 14:00-18:00
224,小组6,8:00-12:00 + 15:00-19:00,9:00-13:00 + 15:00-19:00,8:00-12:00 + 13:00-17:00,休息,9:00-13:00 + 15:00-19:00,8:00-12:00 + 12:00-16:00,8:00-12:00 + 15:00-19:00,8:00-12:00 + 15:00-19:00,休息,8:00-12:00 + 15:00-19:00
225,小组6,休息,9:00-13:00 + 15:00-19:00,8:00-12:00 + 13:00-17:00,9:00-13:00 + 15:00-19:00,休息,8:00-12:00 + 12:00-16:00,8:00-12:00 + 15:00-19:00,8:00-12:00 + 15:00-19:00,8:00-12:00 + 14:00-18:00,8:00-12:00 + 15:00-19:00
226,小组6,休息,休息,8:00-12:00 + 13:00-17:00,9:00-13:00 + 15:00-19:00,9:00-13:00 + 15:00-19:00,8:00-12:00 + 15:00-19:00,8:00-12:00 + 15:00-19:00,8:00-12:00 + 15:00-19:00,8:00-12:00 + 14:00-18:00,8:00-12:00 + 15:00-19:00
227,小组6,休息,9:00-13:00 + 15:00-19:00,休息,9:00-13:00 + 15:00-19:00,9:00-13:00 + 15:00-19:00,8:00-12:00 + 15:00-19:00,8:00-12:00 + 15:00-19:00,8:00-12:00 + 15:00-19:00,8:00-12:00 + 14:00-18:00,8:00-12:00 + 15:00-19:00
228,小组6,休息,9:00-13:00 + 15:00-19:00,9:00-13:00 + 14:00-18:00,休息,9:00-13:00 + 15:00-19:00,8:00-12:00 + 15:00-19:00,8:00-12:00 + 15:00-19:00,8:00-12:00 + 15:00-19:00,8:00-12:00 + 14:00-18:00,8:00-12:00 + 15:00-19:00
229,小组6,休息,9:00-13:00 + 15:00-19:00,9:00-13:00 + 14:00-18:00,9:00-13:00 + 15:00-19:00,休息,8:00-12:00 + 15:00-19:00,8:00-12:00 + 15:00-19:00,9:00-13:00 + 14:00-18:00,8:00-12:00 + 14:00-18:00,8:00-12:00 + 15:00-19:00
230,小组6,休息,9:00-13:00 + 15:00-19:00,9:00-13:00 + 14:00-18:00,9:00-13:00 + 15:00-19:00,9:00-13:00 + 15:00-19:00,休息,8:00-12:00 + 15:00-19:00,10:00-14:00 + 15:00-19:00,8:00-12:00 + 14:00-18:00,8:00-12:00 + 15:00-19:00
231,小组6,休息,10:00-14:00 + 15:00-19:00,9:00-13:00 + 14:00-18:00,9:00-13:00 + 15:00-19:00,9:00-13:00 + 15:00-19:00,8:00-12:00 + 15:00-19:00,休息,10:00-14:00 + 15:00-19:00,8:00-12:00 + 14:00-18:00,8:00-12:00 + 15:00-19:00
232,小组6,休息,10:00-14:00 + 15:00-19:00,9:00-13:00 + 14:00-18:00,11:00-15:00 + 15:00-19:00,9:00-13:00 + 15:00-19:00,9:00-13:00 + 15:00-19:00,8:00-12:00 + 15:00-19:00,10:00-14:00 + 15:00-19:00,8:00-12:00 + 14:00-18:00,休息
233,小组6,休息,10:00-14:00 + 15:00-19:00,9:00-13:00 + 14:00-18:00,休息,10:00-14:00 + 14:00-18:00,10:00-14:00 + 14:00-18:00,8:00-12:00 + 15:00-19:00,10:00-14:00 + 15:00-19:00,8:00-12:00 + 14:00-18:00,8:00-12:00 + 15:00-19:00
234,小组6,休息,10:00-14:00 + 15:00-19:00,9:00-13:00 + 14:00-18:00,休息,10:00-14:00 + 14:00-18:00,10:00-14:00 + 14:00-18:00,8:00-12:00 + 15:00-19:00,10:00-14:00 + 15:00-19:00,8:00-12:00 + 14:00-18:00,8:00-12:00 + 15:00-19:00
235,小组6,8:00-12:00 + 15:00-19:00,10:00-14:00 + 15:00-19:00,休息,休息,10:00-14:00 + 14:00-18:00,10:00-14:00 + 14:00-18:00,8:00-12:00 + 15:00-19:00,10:00-14:00 + 15:00-19:00,10:00-14:00 + 15:00-19:00,8:00-12:00 + 15:00-19:00
236,小组6,8:00-12:00 + 15:00-19:00,10:00-14:00 + 15:00-19:00,10:00-14:00 + 14:00-18:00,休息,10:00-14:00 + 15:00-19:00,休息,8:00-12:00 + 15:00-19:00,10:00-14:00 + 15:00-19:00,10:00-14:00 + 15:00-19:00,9:00-13:00 + 13:00-17:00
237,小组6,8:00-12:00 + 15:00-19:00,10:00-14:00 + 15:00-19:00,10:00-14:00 + 14:00-18:00,休息,11:00-15:00 + 15:00-19:00,休息,8:00-12:00 + 15:00-19:00,11:00-15:00 + 15:00-19:00,10:00-14:00 + 15:00-19:00,10:00-14:00 + 14:00-18:00
238,小组6,8:00-12:00 + 15:00-19:00,10:00-14:00 + 15:00-19:00,10:00-14:00 + 14:00-18:00,休息,11:00-15:00 + 15:00-19:00,休息,10:00-14:00 + 15:00-19:00,11:00-15:00 + 15:00-19:00,10:00-14:00 + 15:00-19:00,10:00-14:00 + 14:00-18:00
239,小组6,8:00-12:00 + 15:00-19:00,10:00-14:00 + 15:00-19:00,11:00-15:00 + 15:00-19:00,休息,11:00-15:00 + 15:00-19:00,休息,10:00-14:00 + 15:00-19:00,11:00-15:00 + 15:00-19:00,10:00-14:00 + 15:00-19:00,10:00-14:00 + 14:00-18:00
240,小组6,8:00-12:00 + 15:00-19:00,10:00-14:00 + 15:00-19:00,11:00-15:00 + 15:00-19:00,11:00-15:00 + 15:00-19:00,休息,休息,10:00-14:00 + 15:00-19:00,11:00-15:00 + 15:00-19:00,10:00-14:00 + 15:00-19:00,11:00-15:00 + 15:00-19:00
241,小组6,8:00-12:00 + 15:00-19:00,10:00-14:00 + 15:00-19:00,11:00-15:00 + 15:00-19:00,11:00-15:00 + 15:00-19:00,休息,休息,10:00-14:00 + 15:00-19:00,11:00-15:00 + 15:00-19:00,11:00-15:00 + 15:00-19:00,11:00-15:00 + 15:00-19:00
242,小组6,9:00-13:00 + 13:00-17:00,10:00-14:00 + 15:00-19:00,11:00-15:00 + 15:00-19:00,11:00-15:00 + 15:00-19:00,休息,休息,10:00-14:00 + 15:00-19:00,11:00-15:00 + 15:00-19:00,11:00-15:00 + 15:00-19:00,11:00-15:00 + 15:00-19:00
243,小组6,9:00-13:00 + 13:00-17:00,10:00-14:00 + 15:00-19:00,11:00-15:00 + 15:00-19:00,11:00-15:00 + 15:00-19:00,休息,休息,10:00-14:00 + 15:00-19:00,11:00-15:00 + 15:00-19:00,11:00-15:00 + 15:00-19:00,11:00-15:00 + 15:00-19:00
244,小组6,9:00-13:00 + 13:00-17:00,10:00-14:00 + 15:00-19:00,11:00-15:00 + 15:00-19:00,11:00-15:00 + 15:00-19:00,11:00-15:00 + 15:00-19:00,休息,10:00-14:00 + 15:00-19:00,休息,11:00-15:00 + 15:00-19:00,11:00-15:00 + 15:00-19:00
245,小组6,休息,10:00-14:00 + 15:00-19:00,11:00-15:00 + 15:00-19:00,11:00-15:00 + 15:00-19:00,11:00-15:00 + 15:00-19:00,10:00-14:00 + 14:00-18:00,11:00-15:00 + 15:00-19:00,休息,11:00-15:00 + 15:00-19:00,11:00-15:00 + 15:00-19:00
246,小组7,休息,8:00-12:00 + 13:00-17:00,8:00-12:00 + 12:00-16:00,休息,8:00-12:00 + 12:00-16:00,8:00-12:00 + 12:00-16:00,8:00-12:00 + 12:00-16:00,8:00-12:00 + 12:00-16:00,8:00-12:00 + 12:00-16:00,8:00-12:00 + 13:00-17:00
247,小组7,休息,8:00-12:00 + 13:00-17:00,8:00-12:00 + 12:00-16:00,休息,8:00-12:00 + 12:00-16:00,8:00-12:00 + 12:00-16:00,8:00-12:00 + 12:00-16:00,8:00-12:00 + 12:00-16:00,8:00-12:00 + 12:00-16:00,8:00-12:00 + 13:00-17:00
248,小组7,休息,8:00-12:00 + 13:00-17:00,8:00-12:00 + 12:00-16:00,8:00-12:00 + 12:00-16:00,休息,8:00-12:00 + 12:00-16:00,8:00-12:00 + 12:00-16:00,8:00-12:00 + 12:00-16:00,8:00-12:00 + 12:00-16:00,8:00-12:00 + 13:00-17:00
249,小组7,8:00-12:00 + 13:00-17:00,8:00-12:00 + 13:00-17:00,8:00-12:00 + 12:00-16:00,休息,休息,8:00-12:00 + 12:00-16:00,8:00-12:00 + 12:00-16:00,8:00-12:00 + 12:00-16:00,8:00-12:00 + 12:00-16:00,8:00-12:00 + 13:00-17:00
250,小组7,休息,8:00-12:00 + 13:00-17:00,8:00-12:00 + 12:00-16:00,休息,8:00-12:00 + 12:00-16:00,8:00-12:00 + 14:00-18:00,8:00-12:00 + 12:00-16:00,8:00-12:00 + 12:00-16:00,8:00-12:00 + 12:00-16:00,8:00-12:00 + 13:00-17:00
251,小组7,休息,8:00-12:00 + 13:00-17:00,8:00-12:00 + 12:00-16:00,8:00-12:00 + 12:00-16:00,休息,8:00-12:00 + 14:00-18:00,8:00-12:00 + 12:00-16:00,8:00-12:00 + 12:00-16:00,8:00-12:00 + 12:00-16:00,8:00-12:00 + 13:00-17:00
252,小组7,8:00-12:00 + 13:00-17:00,8:00-12:00 + 13:00-17:00,8:00-12:00 + 12:00-16:00,休息,休息,8:00-12:00 + 14:00-18:00,8:00-12:00 + 12:00-16:00,8:00-12:00 + 12:00-16:00,8:00-12:00 + 12:00-16:00,8:00-12:00 + 13:00-17:00
253,小组7,休息,8:00-12:00 + 13:00-17:00,8:00-12:00 + 12:00-16:00,休息,8:00-12:00 + 12:00-16:00,8:00-12:00 + 14:00-18:00,8:00-12:00 + 12:00-16:00,8:00-12:00 + 12:00-16:00,8:00-12:00 + 14:00-18:00,8:00-12:00 + 13:00-17:00
254,小组7,8:00-12:00 + 13:00-17:00,8:00-12:00 + 13:00-17:00,8:00-12:00 + 12:00-16:00,8:00-12:00 + 12:00-16:00,休息,休息,8:00-12:00 + 12:00-16:00,8:00-12:00 + 12:00-16:00,8:00-12:00 + 14:00-18:00,8:00-12:00 + 13:00-17:00
255,小组7,休息,8:00-12:00 + 13:00-17:00,8:00-12:00 + 12:00-16:00,休息,8:00-12:00 + 12:00-16:00,8:00-12:00 + 15:00-19:00,8:00-12:00 + 12:00-16:00,8:00-12:00 + 12:00-16:00,8:00-12:00 + 14:00-18:00,8:00-12:00 + 13:00-17:00
256,小组7,8:00-12:00 + 13:00-17:00,8:00-12:00 + 13:00-17:00,8:00-12:00 + 12:00-16:00,8:00-12:00 + 12:00-16:00,休息,休息,8:00-12:00 + 12:00-16:00,8:00-12:00 + 12:00-16:00,8:00-12:00 + 14:00-18:00,8:00-12:00 + 13:00-17:00
257,小组7,休息,8:00-12:00 + 13:00-17:00,8:00-12:00 + 12:00-16:00,休息,8:00-12:00 + 12:00-16:00,9:00-13:00 + 13:00-17:00,8:00-12:00 + 12:00-16:00,8:00-12:00 + 12:00-16:00,8:00-12:00 + 14:00-18:00,8:00-12:00 + 13:00-17:00
258,小组7,8:00-12:00 + 13:00-17:00,8:00-12:00 + 13:00-17:00,8:00-12:00 + 12:00-16:00,8:00-12:00 + 12:00-16:00,休息,休息,8:00-12:00 + 12:00-16:00,8:00-12:00 + 12:00-16:00,8:00-12:00 + 14:00-18:00,8:00-12:00 + 13:00-17:00
259,小组7,休息,8:00-12:00 + 13:00-17:00,8:00-12:00 + 12:00-16:00,休息,8:00-12:00 + 12:00-16:00,9:00-13:00 + 13:00-17:00,8:00-12:00 + 12:00-16:00,8:00-12:00 + 13:00-17:00,8:00-12:00 + 14:00-18:00,8:00-12:00 + 13:00-17:00
260,小组7,8:00-12:00 + 13:00-17:00,8:00-12:00 + 13:00-17:00,8:00-12:00 + 12:00-16:00,8:00-12:00 + 12:00-16:00,休息,9:00-13:00 + 13:00-17:00,8:00-12:00 + 12:00-16:00,8:00-12:00 + 15:00-19:00,休息,8:00-12:00 + 13:00-17:00
261,小组7,8:00-12:00 + 13:00-17:00,8:00-12:00 + 13:00-17:00,8:00-12:00 + 15:00-19:00,8:00-12:00 + 12:00-16:00,8:00-12:00 + 12:00-16:00,休息,8:00-12:00 + 12:00-16:00,8:00-12:00 + 15:00-19:00,休息,8:00-12:00 + 13:00-17:00
262,小组7,休息,8:00-12:00 + 15:00-19:00,8:00-12:00 + 15:00-19:00,8:00-12:00 + 12:00-16:00,8:00-12:00 + 12:00-16:00,9:00-13:00 + 13:00-17:00,8:00-12:00 + 14:00-18:00,8:00-12:00 + 15:00-19:00,休息,8:00-12:00 + 13:00-17:00
263,小组7,8:00-12:00 + 15:00-19:00,8:00-12:00 + 15:00-19:00,8:00-12:00 + 15:00-19:00,休息,8:00-12:00 + 12:00-16:00,9:00-13:00 + 13:00-17:00,8:00-12:00 + 14:00-18:00,8:00-12:00 + 15:00-19:00,休息,8:00-12:00 + 13:00-17:00
264,小组7,8:00-12:00 + 15:00-19:00,10:00-14:00 + 15:00-19:00,8:00-12:00 + 15:00-19:00,8:00-12:00 + 12:00-16:00,休息,9:00-13:00 + 13:00-17:00,8:00-12:00 + 14:00-18:00,8:00-12:00 + 15:00-19:00,休息,8:00-12:00 + 13:00-17:00
265,小组7,8:00-12:00 + 15:00-19:00,10:00-14:00 + 15:00-19:00,8:00-12:00 + 15:00-19:00,8:00-12:00 + 12:00-16:00,8:00-12:00 + 12:00-16:00,休息,8:00-12:00 + 14:00-18:00,8:00-12:00 + 15:00-19:00,休息,9:00-13:00 + 13:00-17:00
266,小组7,休息,10:00-14:00 + 15:00-19:00,8:00-12:00 + 15:00-19:00,8:00-12:00 + 12:00-16:00,8:00-12:00 + 15:00-19:00,9:00-13:00 + 13:00-17:00,8:00-12:00 + 14:00-18:00,8:00-12:00 + 15:00-19:00,休息,9:00-13:00 + 13:00-17:00
267,小组7,8:00-12:00 + 15:00-19:00,10:00-14:00 + 15:00-19:00,8:00-12:00 + 15:00-19:00,休息,8:00-12:00 + 15:00-19:00,9:00-13:00 + 13:00-17:00,8:00-12:00 + 14:00-18:00,8:00-12:00 + 15:00-19:00,休息,9:00-13:00 + 13:00-17:00
268,小组7,8:00-12:00 + 15:00-19:00,10:00-14:00 + 15:00-19:00,8:00-12:00 + 15:00-19:00,8:00-12:00 + 12:00-16:00,休息,9:00-13:00 + 13:00-17:00,8:00-12:00 + 14:00-18:00,8:00-12:00 + 15:00-19:00,休息,9:00-13:00 + 13:00-17:00
269,小组7,8:00-12:00 + 15:00-19:00,10:00-14:00 + 15:00-19:00,8:00-12:00 + 15:00-19:00,8:00-12:00 + 12:00-16:00,8:00-12:00 + 15:00-19:00,休息,8:00-12:00 + 14:00-18:00,9:00-13:00 + 13:00-17:00,休息,9:00-13:00 + 13:00-17:00
270,小组7,休息,10:00-14:00 + 15:00-19:00,8:00-12:00 + 15:00-19:00,8:00-12:00 + 12:00-16:00,休息,9:00-13:00 + 13:00-17:00,8:00-12:00 + 14:00-18:00,11:00-15:00 + 15:00-19:00,8:00-12:00 + 14:00-18:00,9:00-13:00 + 13:00-17:00
271,小组7,休息,10:00-14:00 + 15:00-19:00,8:00-12:00 + 15:00-19:00,8:00-12:00 + 12:00-16:00,休息,9:00-13:00 + 13:00-17:00,8:00-12:00 + 15:00-19:00,11:00-15:00 + 15:00-19:00,10:00-14:00 + 15:00-19:00,9:00-13:00 + 13:00-17:00
272,小组7,休息,10:00-14:00 + 15:00-19:00,8:00-12:00 + 15:00-19:00,9:00-13:00 + 15:00-19:00,休息,9:00-13:00 + 13:00-17:00,8:00-12:00 + 15:00-19:00,11:00-15:00 + 15:00-19:00,10:00-14:00 + 15:00-19:00,9:00-13:00 + 13:00-17:00
273,小组7,休息,10:00-14:00 + 15:00-19:00,8:00-12:00 + 15:00-19:00,9:00-13:00 + 15:00-19:00,休息,9:00-13:00 + 13:00-17:00,8:00-12:00 + 15:00-19:00,11:00-15:00 + 15:00-19:00,10:00-14:00 + 15:00-19:00,9:00-13:00 + 13:00-17:00
274,小组7,休息,10:00-14:00 + 15:00-19:00,8:00-12:00 + 15:00-19:00,9:00-13:00 + 15:00-19:00,休息,9:00-13:00 + 13:00-17:00,8:00-12:00 + 15:00-19:00,11:00-15:00 + 15:00-19:00,10:00-14:00 + 15:00-19:00,9:00-13:00 + 13:00-17:00
275,小组7,休息,11:00-15:00 + 15:00-19:00,9:00-13:00 + 14:00-18:00,9:00-13:00 + 15:00-19:00,休息,9:00-13:00 + 13:00-17:00,8:00-12:00 + 15:00-19:00,11:00-15:00 + 15:00-19:00,10:00-14:00 + 15:00-19:00,9:00-13:00 + 13:00-17:00
276,小组7,休息,11:00-15:00 + 15:00-19:00,11:00-15:00 + 15:00-19:00,9:00-13:00 + 15:00-19:00,休息,9:00-13:00 + 13:00-17:00,10:00-14:00 + 15:00-19:00,11:00-15:00 + 15:00-19:00,10:00-14:00 + 15:00-19:00,9:00-13:00 + 13:00-17:00
277,小组7,8:00-12:00 + 15:00-19:00,11:00-15:00 + 15:00-19:00,11:00-15:00 + 15:00-19:00,9:00-13:00 + 15:00-19:00,休息,休息,10:00-14:00 + 15:00-19:00,11:00-15:00 + 15:00-19:00,10:00-14:00 + 15:00-19:00,9:00-13:00 + 13:00-17:00
278,小组7,8:00-12:00 + 15:00-19:00,11:00-15:00 + 15:00-19:00,11:00-15:00 + 15:00-19:00,9:00-13:00 + 15:00-19:00,9:00-13:00 + 13:00-17:00,休息,10:00-14:00 + 15:00-19:00,休息,10:00-14:00 + 15:00-19:00,9:00-13:00 + 13:00-17:00
279,小组7,8:00-12:00 + 15:00-19:00,11:00-15:00 + 15:00-19:00,11:00-15:00 + 15:00-19:00,9:00-13:00 + 15:00-19:00,9:00-13:00 + 13:00-17:00,休息,10:00-14:00 + 15:00-19:00,休息,10:00-14:00 + 15:00-19:00,9:00-13:00 + 13:00-17:00
280,小组7,8:00-12:00 + 15:00-19:00,11:00-15:00 + 15:00-19:00,11:00-15:00 + 15:00-19:00,9:00-13:00 + 15:00-19:00,9:00-13:00 + 13:00-17:00,休息,10:00-14:00 + 15:00-19:00,休息,10:00-14:00 + 15:00-19:00,9:00-13:00 + 13:00-17:00
281,小组7,8:00-12:00 + 15:00-19:00,11:00-15:00 + 15:00-19:00,11:00-15:00 + 15:00-19:00,9:00-13:00 + 15:00-19:00,9:00-13:00 + 15:00-19:00,休息,10:00-14:00 + 15:00-19:00,休息,11:00-15:00 + 15:00-19:00,11:00-15:00 + 15:00-19:00
282,小组7,8:00-12:00 + 15:00-19:00,11:00-15:00 + 15:00-19:00,11:00-15:00 + 15:00-19:00,9:00-13:00 + 15:00-19:00,9:00-13:00 + 15:00-19:00,9:00-13:00 + 13:00-17:00,休息,休息,11:00-15:00 + 15:00-19:00,11:00-15:00 + 15:00-19:00
283,小组7,10:00-14:00 + 15:00-19:00,11:00-15:00 + 15:00-19:00,11:00-15:00 + 15:00-19:00,9:00-13:00 + 15:00-19:00,9:00-13:00 + 15:00-19:00,9:00-13:00 + 13:00-17:00,休息,休息,11:00-15:00 + 15:00-19:00,11:00-15:00 + 15:00-19:00
284,小组7,11:00-15:00 + 15:00-19:00,11:00-15:00 + 15:00-19:00,11:00-15:00 + 15:00-19:00,9:00-13:00 + 15:00-19:00,11:00-15:00 + 15:00-19:00,9:00-13:00 + 13:00-17:00,休息,休息,11:00-15:00 + 15:00-19:00,11:00-15:00 + 15:00-19:00
285,小组7,11:00-15:00 + 15:00-19:00,11:00-15:00 + 15:00-19:00,11:00-15:00 + 15:00-19:00,9:00-13:00 + 15:00-19:00,11:00-15:00 + 15:00-19:00,9:00-13:00 + 13:00-17:00,休息,休息,11:00-15:00 + 15:00-19:00,11:00-15:00 + 15:00-19:00
286,小组7,11:00-15:00 + 15:00-19:00,11:00-15:00 + 15:00-19:00,11:00-15:00 + 15:00-19:00,11:00-15:00 + 15:00-19:00,11:00-15:00 + 15:00-19:00,9:00-13:00 + 13:00-17:00,休息,休息,11:00-15:00 + 15:00-19:00,11:00-15:00 + 15:00-19:00
287,小组7,11:00-15:00 + 15:00-19:00,11:00-15:00 + 15:00-19:00,11:00-15:00 + 15:00-19:00,11:00-15:00 + 15:00-19:00,11:00-15:00 + 15:00-19:00,10:00-14:00 + 14:00-18:00,休息,休息,11:00-15:00 + 15:00-19:00,11:00-15:00 + 15:00-19:00
288,小组8,休息,休息,8:00-12:00 + 13:00-17:00,8:00-12:00 + 12:00-16:00,8:00-12:00 + 12:00-16:00,8:00-12:00 + 12:00-16:00,8:00-12:00 + 12:00-16:00,8:00-12:00 + 12:00-16:00,8:00-12:00 + 12:00-16:00,8:00-12:00 + 14:00-18:00
289,小组8,休息,8:00-12:00 + 13:00-17:00,休息,8:00-12:00 + 12:00-16:00,8:00-12:00 + 12:00-16:00,8:00-12:00 + 12:00-16:00,8:00-12:00 + 12:00-16:00,8:00-12:00 + 12:00-16:00,8:00-12:00 + 12:00-16:00,8:00-12:00 + 15:00-19:00
290,小组8,休息,休息,8:00-12:00 + 13:00-17:00,8:00-12:00 + 12:00-16:00,8:00-12:00 + 12:00-16:00,8:00-12:00 + 12:00-16:00,8:00-12:00 + 12:00-16:00,8:00-12:00 + 12:00-16:00,8:00-12:00 + 12:00-16:00,8:00-12:00 + 15:00-19:00
291,小组8,休息,8:00-12:00 + 15:00-19:00,休息,8:00-12:00 + 12:00-16:00,8:00-12:00 + 12:00-16:00,8:00-12:00 + 12:00-16:00,8:00-12:00 + 12:00-16:00,8:00-12:00 + 12:00-16:00,8:00-12:00 + 12:00-16:00,8:00-12:00 + 15:00-19:00
292,小组8,休息,休息,8:00-12:00 + 13:00-17:00,8:00-12:00 + 12:00-16:00,8:00-12:00 + 12:00-16:00,8:00-12:00 + 14:00-18:00,8:00-12:00 + 12:00-16:00,8:00-12:00 + 12:00-16:00,8:00-12:00 + 12:00-16:00,8:00-12:00 + 15:00-19:00
293,小组8,休息,8:00-12:00 + 15:00-19:00,休息,8:00-12:00 + 12:00-16:00,8:00-12:00 + 12:00-16:00,8:00-12:00 + 14:00-18:00,8:00-12:00 + 13:00-17:00,8:00-12:00 + 12:00-16:00,8:00-12:00 + 12:00-16:00,8:00-12:00 + 15:00-19:00
294,小组8,休息,休息,8:00-12:00 + 13:00-17:00,8:00-12:00 + 12:00-16:00,8:00-12:00 + 12:00-16:00,8:00-12:00 + 15:00-19:00,8:00-12:00 + 15:00-19:00,8:00-12:00 + 12:00-16:00,8:00-12:00 + 12:00-16:00,8:00-12:00 + 15:00-19:00
295,小组8,休息,8:00-12:00 + 15:00-19:00,休息,8:00-12:00 + 12:00-16:00,8:00-12:00 + 12:00-16:00,8:00-12:00 + 15:00-19:00,8:00-12:00 + 15:00-19:00,8:00-12:00 + 12:00-16:00,8:00-12:00 + 12:00-16:00,8:00-12:00 + 15:00-19:00
296,小组8,8:00-12:00 + 12:00-16:00,休息,休息,8:00-12:00 + 12:00-16:00,8:00-12:00 + 12:00-16:00,8:00-12:00 + 15:00-19:00,8:00-12:00 + 15:00-19:00,8:00-12:00 + 12:00-16:00,8:00-12:00 + 12:00-16:00,8:00-12:00 + 15:00-19:00
297,小组8,休息,休息,8:00-12:00 + 13:00-17:00,8:00-12:00 + 12:00-16:00,8:00-12:00 + 12:00-16:00,8:00-12:00 + 15:00-19:00,8:00-12:00 + 15:00-19:00,8:00-12:00 + 12:00-16:00,8:00-12:00 + 12:00-16:00,8:00-12:00 + 15:00-19:00
298,小组8,休息,8:00-12:00 + 15:00-19:00,休息,8:00-12:00 + 12:00-16:00,8:00-12:00 + 12:00-16:00,8:00-12:00 + 15:00-19:00,8:00-12:00 + 15:00-19:00,8:00-12:00 + 12:00-16:00,8:00-12:00 + 12:00-16:00,8:00-12:00 + 15:00-19:00
299,小组8,8:00-12:00 + 12:00-16:00,休息,休息,8:00-12:00 + 12:00-16:00,8:00-12:00 + 15:00-19:00,8:00-12:00 + 15:00-19:00,8:00-12:00 + 15:00-19:00,8:00-12:00 + 12:00-16:00,8:00-12:00 + 12:00-16:00,8:00-12:00 + 15:00-19:00
300,小组8,8:00-12:00 + 13:00-17:00,8:00-12:00 + 15:00-19:00,8:00-12:00 + 13:00-17:00,休息,8:00-12:00 + 15:00-19:00,休息,8:00-12:00 + 15:00-19:00,8:00-12:00 + 14:00-18:00,8:00-12:00 + 12:00-16:00,8:00-12:00 + 15:00-19:00
301,小组8,休息,8:00-12:00 + 15:00-19:00,8:00-12:00 + 13:00-17:00,8:00-12:00 + 12:00-16:00,8:00-12:00 + 15:00-19:00,8:00-12:00 + 15:00-19:00,9:00-13:00 + 14:00-18:00,8:00-12:00 + 14:00-18:00,休息,8:00-12:00 + 15:00-19:00
302,小组8,8:00-12:00 + 13:00-17:00,休息,8:00-12:00 + 13:00-17:00,8:00-12:00 + 12:00-16:00,8:00-12:00 + 15:00-19:00,8:00-12:00 + 15:00-19:00,9:00-13:00 + 14:00-18:00,8:00-12:00 + 15:00-19:00,休息,8:00-12:00 + 15:00-19:00
303,小组8,8:00-12:00 + 15:00-19:00,8:00-12:00 + 15:00-19:00,休息,8:00-12:00 + 14:00-18:00,8:00-12:00 + 15:00-19:00,8:00-12:00 + 15:00-19:00,9:00-13:00 + 14:00-18:00,8:00-12:00 + 15:00-19:00,休息,8:00-12:00 + 15:00-19:00
304,小组8,8:00-12:00 + 15:00-19:00,8:00-12:00 + 15:00-19:00,8:00-12:00 + 13:00-17:00,休息,8:00-12:00 + 15:00-19:00,8:00-12:00 + 15:00-19:00,9:00-13:00 + 14:00-18:00,8:00-12:00 + 15:00-19:00,休息,8:00-12:00 + 15:00-19:00
305,小组8,8:00-12:00 + 15:00-19:00,8:00-12:00 + 15:00-19:00,8:00-12:00 + 13:00-17:00,8:00-12:00 + 14:00-18:00,休息,8:00-12:00 + 15:00-19:00,9:00-13:00 + 14:00-18:00,8:00-12:00 + 15:00-19:00,休息,8:00-12:00 + 15:00-19:00
306,小组8,8:00-12:00 + 15:00-19:00,8:00-12:00 + 15:00-19:00,9:00-13:00 + 14:00-18:00,8:00-12:00 + 14:00-18:00,8:00-12:00 + 15:00-19:00,休息,9:00-13:00 + 14:00-18:00,8:00-12:00 + 15:00-19:00,休息,9:00-13:00 + 13:00-17:00
307,小组8,8:00-12:00 + 15:00-19:00,8:00-12:00 + 15:00-19:00,9:00-13:00 + 14:00-18:00,8:00-12:00 + 14:00-18:00,8:00-12:00 + 15:00-19:00,8:00-12:00 + 15:00-19:00,9:00-13:00 + 14:00-18:00,8:00-12:00 + 15:00-19:00,休息,休息
308,小组8,9:00-13:00 + 13:00-17:00,8:00-12:00 + 15:00-19:00,9:00-13:00 + 14:00-18:00,8:00-12:00 + 14:00-18:00,8:00-12:00 + 15:00-19:00,8:00-12:00 + 15:00-19:00,9:00-13:00 + 14:00-18:00,8:00-12:00 + 15:00-19:00,休息,休息
309,小组8,9:00-13:00 + 13:00-17:00,8:00-12:00 + 15:00-19:00,9:00-13:00 + 14:00-18:00,8:00-12:00 + 14:00-18:00,8:00-12:00 + 15:00-19:00,8:00-12:00 + 15:00-19:00,9:00-13:00 + 14:00-18:00,8:00-12:00 + 15:00-19:00,休息,休息
310,小组8,9:00-13:00 + 13:00-17:00,8:00-12:00 + 15:00-19:00,9:00-13:00 + 14:00-18:00,8:00-12:00 + 14:00-18:00,8:00-12:00 + 15:00-19:00,9:00-13:00 + 13:00-17:00,9:00-13:00 + 14:00-18:00,8:00-12:00 + 15:00-19:00,休息,休息
311,小组8,休息,8:00-12:00 + 15:00-19:00,9:00-13:00 + 15:00-19:00,8:00-12:00 + 15:00-19:00,8:00-12:00 + 15:00-19:00,11:00-15:00 + 15:00-19:00,9:00-13:00 + 14:00-18:00,8:00-12:00 + 15:00-19:00,8:00-12:00 + 12:00-16:00,休息
312,小组8,休息,8:00-12:00 + 15:00-19:00,9:00-13:00 + 15:00-19:00,8:00-12:00 + 15:00-19:00,8:00-12:00 + 15:00-19:00,11:00-15:00 + 15:00-19:00,9:00-13:00 + 15:00-19:00,9:00-13:00 + 13:00-17:00,8:00-12:00 + 14:00-18:00,休息
313,小组8,休息,8:00-12:00 + 15:00-19:00,9:00-13:00 + 15:00-19:00,8:00-12:00 + 15:00-19:00,8:00-12:00 + 15:00-19:00,11:00-15:00 + 15:00-19:00,9:00-13:00 + 15:00-19:00,11:00-15:00 + 15:00-19:00,8:00-12:00 + 14:00-18:00,休息
314,小组8,休息,8:00-12:00 + 15:00-19:00,9:00-13:00 + 15:00-19:00,8:00-12:00 + 15:00-19:00,8:00-12:00 + 15:00-19:00,11:00-15:00 + 15:00-19:00,9:00-13:00 + 15:00-19:00,11:00-15:00 + 15:00-19:00,8:00-12:00 + 14:00-18:00,休息
315,小组8,休息,8:00-12:00 + 15:00-19:00,9:00-13:00 + 15:00-19:00,9:00-13:00 + 13:00-17:00,8:00-12:00 + 15:00-19:00,11:00-15:00 + 15:00-19:00,9:00-13:00 + 15:00-19:00,11:00-15:00 + 15:00-19:00,8:00-12:00 + 14:00-18:00,休息
316,小组8,休息,8:00-12:00 + 15:00-19:00,9:00-13:00 + 15:00-19:00,9:00-13:00 + 15:00-19:00,8:00-12:00 + 15:00-19:00,11:00-15:00 + 15:00-19:00,10:00-14:00 + 15:00-19:00,11:00-15:00 + 15:00-19:00,8:00-12:00 + 14:00-18:00,休息
317,小组8,休息,8:00-12:00 + 15:00-19:00,10:00-14:00 + 14:00-18:00,9:00-13:00 + 15:00-19:00,8:00-12:00 + 15:00-19:00,11:00-15:00 + 15:00-19:00,10:00-14:00 + 15:00-19:00,11:00-15:00 + 15:00-19:00,8:00-12:00 + 14:00-18:00,休息
318,小组8,休息,休息,10:00-14:00 + 14:00-18:00,9:00-13:00 + 15:00-19:00,8:00-12:00 + 15:00-19:00,11:00-15:00 + 15:00-19:00,10:00-14:00 + 15:00-19:00,11:00-15:00 + 15:00-19:00,8:00-12:00 + 14:00-18:00,9:00-13:00 + 13:00-17:00
319,小组8,9:00-13:00 + 13:00-17:00,休息,休息,9:00-13:00 + 15:00-19:00,11:00-15:00 + 15:00-19:00,11:00-15:00 + 15:00-19:00,10:00-14:00 + 15:00-19:00,11:00-15:00 + 15:00-19:00,8:00-12:00 + 14:00-18:00,9:00-13:00 + 13:00-17:00
320,小组8,9:00-13:00 + 14:00-18:00,休息,休息,9:00-13:00 + 15:00-19:00,11:00-15:00 + 15:00-19:00,11:00-15:00 + 15:00-19:00,10:00-14:00 + 15:00-19:00,11:00-15:00 + 15:00-19:00,8:00-12:00 + 14:00-18:00,9:00-13:00 + 13:00-17:00
321,小组8,9:00-13:00 + 14:00-18:00,休息,休息,9:00-13:00 + 15:00-19:00,11:00-15:00 + 15:00-19:00,11:00-15:00 + 15:00-19:00,10:00-14:00 + 15:00-19:00,11:00-15:00 + 15:00-19:00,8:00-12:00 + 15:00-19:00,10:00-14:00 + 14:00-18:00
322,小组8,9:00-13:00 + 14:00-18:00,10:00-14:00 + 15:00-19:00,10:00-14:00 + 14:00-18:00,9:00-13:00 + 15:00-19:00,11:00-15:00 + 15:00-19:00,休息,休息,11:00-15:00 + 15:00-19:00,8:00-12:00 + 15:00-19:00,10:00-14:00 + 14:00-18:00
323,小组8,9:00-13:00 + 14:00-18:00,10:00-14:00 + 15:00-19:00,10:00-14:00 + 14:00-18:00,9:00-13:00 + 15:00-19:00,11:00-15:00 + 15:00-19:00,休息,休息,11:00-15:00 + 15:00-19:00,10:00-14:00 + 15:00-19:00,10:00-14:00 + 14:00-18:00
324,小组8,11:00-15:00 + 15:00-19:00,10:00-14:00 + 15:00-19:00,11:00-15:00 + 15:00-19:00,9:00-13:00 + 15:00-19:00,11:00-15:00 + 15:00-19:00,休息,休息,11:00-15:00 + 15:00-19:00,10:00-14:00 + 15:00-19:00,10:00-14:00 + 14:00-18:00
325,小组8,11:00-15:00 + 15:00-19:00,10:00-14:00 + 15:00-19:00,11:00-15:00 + 15:00-19:00,11:00-15:00 + 15:00-19:00,11:00-15:00 + 15:00-19:00,休息,休息,11:00-15:00 + 15:00-19:00,10:00-14:00 + 15:00-19:00,10:00-14:00 + 14:00-18:00
326,小组8,11:00-15:00 + 15:00-19:00,10:00-14:00 + 15:00-19:00,11:00-15:00 + 15:00-19:00,11:00-15:00 + 15:00-19:00,11:00-15:00 + 15:00-19:00,休息,休息,11:00-15:00 + 15:00-19:00,10:00-14:00 + 15:00-19:00,10:00-14:00 + 14:00-18:00
327,小组8,11:00-15:00 + 15:00-19:00,10:00-14:00 + 15:00-19:00,11:00-15:00 + 15:00-19:00,11:00-15:00 + 15:00-19:00,11:00-15:00 + 15:00-19:00,休息,休息,11:00-15:00 + 15:00-19:00,10:00-14:00 + 15:00-19:00,10:00-14:00 + 14:00-18:00
328,小组8,11:00-15:00 + 15:00-19:00,10:00-14:00 + 15:00-19:00,11:00-15:00 + 15:00-19:00,11:00-15:00 + 15:00-19:00,11:00-15:00 + 15:00-19:00,11:00-15:00 + 15:00-19:00,休息,休息,10:00-14:00 + 15:00-19:00,10:00-14:00 + 14:00-18:00
329,小组8,11:00-15:00 + 15:00-19:00,11:00-15:00 + 15:00-19:00,11:00-15:00 + 15:00-19:00,11:00-15:00 + 15:00-19:00,11:00-15:00 + 15:00-19:00,11:00-15:00 + 15:00-19:00,休息,休息,10:00-14:00 + 15:00-19:00,10:00-14:00 + 14:00-18:00
330,小组9,休息,8:00-12:00 + 13:00-17:00,休息,8:00-12:00 + 12:00-16:00,8:00-12:00 + 12:00-16:00,8:00-12:00 + 14:00-18:00,8:00-12:00 + 15:00-19:00,8:00-12:00 + 12:00-16:00,8:00-12:00 + 12:00-16:00,8:00-12:00 + 15:00-19:00
331,小组9,休息,8:00-12:00 + 13:00-17:00,休息,8:00-12:00 + 12:00-16:00,8:00-12:00 + 12:00-16:00,8:00-12:00 + 14:00-18:00,8:00-12:00 + 15:00-19:00,8:00-12:00 + 12:00-16:00,8:00-12:00 + 12:00-16:00,8:00-12:00 + 15:00-19:00
332,小组9,休息,8:00-12:00 + 13:00-17:00,休息,8:00-12:00 + 12:00-16:00,8:00-12:00 + 12:00-16:00,8:00-12:00 + 14:00-18:00,8:00-12:00 + 15:00-19:00,8:00-12:00 + 12:00-16:00,8:00-12:00 + 12:00-16:00,8:00-12:00 + 15:00-19:00
333,小组9,休息,8:00-12:00 + 13:00-17:00,休息,8:00-12:00 + 12:00-16:00,8:00-12:00 + 12:00-16:00,8:00-12:00 + 14:00-18:00,8:00-12:00 + 15:00-19:00,8:00-12:00 + 12:00-16:00,8:00-12:00 + 13:00-17:00,8:00-12:00 + 15:00-19:00
334,小组9,休息,8:00-12:00 + 13:00-17:00,休息,8:00-12:00 + 12:00-16:00,8:00-12:00 + 12:00-16:00,8:00-12:00 + 14:00-18:00,8:00-12:00 + 15:00-19:00,8:00-12:00 + 12:00-16:00,8:00-12:00 + 15:00-19:00,8:00-12:00 + 15:00-19:00
335,小组9,8:00-12:00 + 15:00-19:00,8:00-12:00 + 13:00-17:00,8:00-12:00 + 12:00-16:00,休息,8:00-12:00 + 12:00-16:00,8:00-12:00 + 14:00-18:00,8:00-12:00 + 15:00-19:00,8:00-12:00 + 14:00-18:00,休息,8:00-12:00 + 15:00-19:00
336,小组9,8:00-12:00 + 15:00-19:00,8:00-12:00 + 13:00-17:00,8:00-12:00 + 12:00-16:00,8:00-12:00 + 12:00-16:00,8:00-12:00 + 12:00-16:00,休息,8:00-12:00 + 15:00-19:00,8:00-12:00 + 14:00-18:00,休息,8:00-12:00 + 15:00-19:00
337,小组9,休息,8:00-12:00 + 13:00-17:00,8:00-12:00 + 12:00-16:00,8:00-12:00 + 12:00-16:00,8:00-12:00 + 12:00-16:00,8:00-12:00 + 14:00-18:00,8:00-12:00 + 15:00-19:00,8:00-12:00 + 14:00-18:00,休息,8:00-12:00 + 15:00-19:00
338,小组9,8:00-12:00 + 15:00-19:00,休息,8:00-12:00 + 12:00-16:00,8:00-12:00 + 12:00-16:00,8:00-12:00 + 12:00-16:00,8:00-12:00 + 14:00-18:00,8:00-12:00 + 15:00-19:00,8:00-12:00 + 14:00-18:00,休息,8:00-12:00 + 15:00-19:00
339,小组9,9:00-13:00 + 13:00-17:00,8:00-12:00 + 13:00-17:00,休息,8:00-12:00 + 12:00-16:00,8:00-12:00 + 12:00-16:00,8:00-12:00 + 14:00-18:00,8:00-12:00 + 15:00-19:00,8:00-12:00 + 14:00-18:00,休息,8:00-12:00 + 15:00-19:00
340,小组9,9:00-13:00 + 13:00-17:00,8:00-12:00 + 13:00-17:00,8:00-12:00 + 12:00-16:00,休息,8:00-12:00 + 12:00-16:00,8:00-12:00 + 14:00-18:00,9:00-13:00 + 13:00-17:00,8:00-12:00 + 14:00-18:00,休息,8:00-12:00 + 15:00-19:00
341,小组9,9:00-13:00 + 13:00-17:00,8:00-12:00 + 13:00-17:00,8:00-12:00 + 13:00-17:00,8:00-12:00 + 12:00-16:00,休息,8:00-12:00 + 15:00-19:00,9:00-13:00 + 13:00-17:00,8:00-12:00 + 14:00-18:00,休息,8:00-12:00 + 15:00-19:00
342,小组9,9:00-13:00 + 13:00-17:00,8:00-12:00 + 13:00-17:00,8:00-12:00 + 13:00-17:00,8:00-12:00 + 12:00-16:00,8:00-12:00 + 12:00-16:00,休息,9:00-13:00 + 13:00-17:00,8:00-12:00 + 14:00-18:00,休息,8:00-12:00 + 15:00-19:00
343,小组9,休息,8:00-12:00 + 15:00-19:00,8:00-12:00 + 13:00-17:00,8:00-12:00 + 12:00-16:00,8:00-12:00 + 12:00-16:00,9:00-13:00 + 15:00-19:00,9:00-13:00 + 13:00-17:00,8:00-12:00 + 14:00-18:00,休息,8:00-12:00 + 15:00-19:00
344,小组9,9:00-13:00 + 13:00-17:00,休息,8:00-12:00 + 13:00-17:00,8:00-12:00 + 12:00-16:00,8:00-12:00 + 12:00-16:00,9:00-13:00 + 15:00-19:00,9:00-13:00 + 13:00-17:00,8:00-12:00 + 14:00-18:00,休息,8:00-12:00 + 15:00-19:00
345,小组9,9:00-13:00 + 13:00-17:00,8:00-12:00 + 15:00-19:00,休息,8:00-12:00 + 12:00-16:00,8:00-12:00 + 12:00-16:00,9:00-13:00 + 15:00-19:00,9:00-13:00 + 13:00-17:00,8:00-12:00 + 14:00-18:00,休息,8:00-12:00 + 15:00-19:00
346,小组9,9:00-13:00 + 13:00-17:00,8:00-12:00 + 15:00-19:00,8:00-12:00 + 13:00-17:00,休息,8:00-12:00 + 12:00-16:00,9:00-13:00 + 15:00-19:00,9:00-13:00 + 13:00-17:00,8:00-12:00 + 14:00-18:00,休息,8:00-12:00 + 15:00-19:00
347,小组9,9:00-13:00 + 13:00-17:00,8:00-12:00 + 15:00-19:00,8:00-12:00 + 13:00-17:00,8:00-12:00 + 12:00-16:00,休息,9:00-13:00 + 15:00-19:00,9:00-13:00 + 13:00-17:00,8:00-12:00 + 14:00-18:00,休息,9:00-13:00 + 13:00-17:00
348,小组9,休息,8:00-12:00 + 15:00-19:00,8:00-12:00 + 13:00-17:00,8:00-12:00 + 12:00-16:00,8:00-12:00 + 12:00-16:00,休息,10:00-14:00 + 15:00-19:00,8:00-12:00 + 15:00-19:00,8:00-12:00 + 15:00-19:00,9:00-13:00 + 13:00-17:00
349,小组9,休息,休息,8:00-12:00 + 13:00-17:00,8:00-12:00 + 12:00-16:00,8:00-12:00 + 15:00-19:00,9:00-13:00 + 15:00-19:00,10:00-14:00 + 15:00-19:00,8:00-12:00 + 15:00-19:00,8:00-12:00 + 15:00-19:00,9:00-13:00 + 13:00-17:00
350,小组9,休息,8:00-12:00 + 15:00-19:00,休息,8:00-12:00 + 12:00-16:00,8:00-12:00 + 15:00-19:00,9:00-13:00 + 15:00-19:00,10:00-14:00 + 15:00-19:00,8:00-12:00 + 15:00-19:00,8:00-12:00 + 15:00-19:00,9:00-13:00 + 13:00-17:00
351,小组9,休息,8:00-12:00 + 15:00-19:00,8:00-12:00 + 13:00-17:00,休息,8:00-12:00 + 15:00-19:00,9:00-13:00 + 15:00-19:00,10:00-14:00 + 15:00-19:00,8:00-12:00 + 15:00-19:00,8:00-12:00 + 15:00-19:00,9:00-13:00 + 13:00-17:00
352,小组9,休息,8:00-12:00 + 15:00-19:00,8:00-12:00 + 13:00-17:00,8:00-12:00 + 12:00-16:00,休息,9:00-13:00 + 15:00-19:00,10:00-14:00 + 15:00-19:00,8:00-12:00 + 15:00-19:00,8:00-12:00 + 15:00-19:00,9:00-13:00 + 13:00-17:00
353,小组9,休息,8:00-12:00 + 15:00-19:00,8:00-12:00 + 13:00-17:00,8:00-12:00 + 12:00-16:00,8:00-12:00 + 15:00-19:00,休息,10:00-14:00 + 15:00-19:00,8:00-12:00 + 15:00-19:00,8:00-12:00 + 15:00-19:00,9:00-13:00 + 13:00-17:00
354,小组9,休息,8:00-12:00 + 15:00-19:00,8:00-12:00 + 13:00-17:00,8:00-12:00 + 12:00-16:00,8:00-12:00 + 15:00-19:00,9:00-13:00 + 15:00-19:00,休息,8:00-12:00 + 15:00-19:00,9:00-13:00 + 15:00-19:00,9:00-13:00 + 13:00-17:00
355,小组9,休息,8:00-12:00 + 15:00-19:00,8:00-12:00 + 13:00-17:00,8:00-12:00 + 14:00-18:00,8:00-12:00 + 15:00-19:00,9:00-13:00 + 15:00-19:00,10:00-14:00 + 15:00-19:00,8:00-12:00 + 15:00-19:00,9:00-13:00 + 15:00-19:00,休息
356,小组9,休息,11:00-15:00 + 15:00-19:00,8:00-12:00 + 13:00-17:00,9:00-13:00 + 14:00-18:00,8:00-12:00 + 15:00-19:00,9:00-13:00 + 15:00-19:00,10:00-14:00 + 15:00-19:00,8:00-12:00 + 15:00-19:00,9:00-13:00 + 15:00-19:00,休息
357,小组9,休息,11:00-15:00 + 15:00-19:00,8:00-12:00 + 13:00-17:00,9:00-13:00 + 14:00-18:00,8:00-12:00 + 15:00-19:00,9:00-13:00 + 15:00-19:00,10:00-14:00 + 15:00-19:00,9:00-13:00 + 14:00-18:00,9:00-13:00 + 15:00-19:00,休息
358,小组9,休息,11:00-15:00 + 15:00-19:00,8:00-12:00 + 13:00-17:00,9:00-13:00 + 14:00-18:00,8:00-12:00 + 15:00-19:00,9:00-13:00 + 15:00-19:00,10:00-14:00 + 15:00-19:00,10:00-14:00 + 14:00-18:00,9:00-13:00 + 15:00-19:00,休息
359,小组9,休息,11:00-15:00 + 15:00-19:00,8:00-12:00 + 13:00-17:00,9:00-13:00 + 14:00-18:00,8:00-12:00 + 15:00-19:00,9:00-13:00 + 15:00-19:00,10:00-14:00 + 15:00-19:00,11:00-15:00 + 15:00-19:00,9:00-13:00 + 15:00-19:00,休息
360,小组9,休息,11:00-15:00 + 15:00-19:00,10:00-14:00 + 14:00-18:00,9:00-13:00 + 14:00-18:00,8:00-12:00 + 15:00-19:00,9:00-13:00 + 15:00-19:00,11:00-15:00 + 15:00-19:00,11:00-15:00 + 15:00-19:00,10:00-14:00 + 15:00-19:00,休息
361,小组9,休息,11:00-15:00 + 15:00-19:00,休息,9:00-13:00 + 14:00-18:00,8:00-12:00 + 15:00-19:00,10:00-14:00 + 15:00-19:00,11:00-15:00 + 15:00-19:00,11:00-15:00 + 15:00-19:00,10:00-14:00 + 15:00-19:00,9:00-13:00 + 13:00-17:00
362,小组9,休息,11:00-15:00 + 15:00-19:00,休息,9:00-13:00 + 15:00-19:00,8:00-12:00 + 15:00-19:00,10:00-14:00 + 15:00-19:00,11:00-15:00 + 15:00-19:00,11:00-15:00 + 15:00-19:00,10:00-14:00 + 15:00-19:00,9:00-13:00 + 13:00-17:00
363,小组9,休息,11:00-15:00 + 15:00-19:00,休息,9:00-13:00 + 15:00-19:00,11:00-15:00 + 15:00-19:00,10:00-14:00 + 15:00-19:00,11:00-15:00 + 15:00-19:00,11:00-15:00 + 15:00-19:00,10:00-14:00 + 15:00-19:00,9:00-13:00 + 13:00-17:00
364,小组9,休息,11:00-15:00 + 15:00-19:00,休息,9:00-13:00 + 15:00-19:00,11:00-15:00 + 15:00-19:00,10:00-14:00 + 15:00-19:00,11:00-15:00 + 15:00-19:00,11:00-15:00 + 15:00-19:00,10:00-14:00 + 15:00-19:00,9:00-13:00 + 13:00-17:00
365,小组9,9:00-13:00 + 13:00-17:00,11:00-15:00 + 15:00-19:00,10:00-14:00 + 14:00-18:00,11:00-15:00 + 15:00-19:00,11:00-15:00 + 15:00-19:00,10:00-14:00 + 15:00-19:00,休息,休息,10:00-14:00 + 15:00-19:00,11:00-15:00 + 15:00-19:00
366,小组9,9:00-13:00 + 13:00-17:00,11:00-15:00 + 15:00-19:00,10:00-14:00 + 14:00-18:00,11:00-15:00 + 15:00-19:00,11:00-15:00 + 15:00-19:00,10:00-14:00 + 15:00-19:00,休息,休息,10:00-14:00 + 15:00-19:00,11:00-15:00 + 15:00-19:00
367,小组9,9:00-13:00 + 13:00-17:00,11:00-15:00 + 15:00-19:00,10:00-14:00 + 14:00-18:00,11:00-15:00 + 15:00-19:00,11:00-15:00 + 15:00-19:00,10:00-14:00 + 15:00-19:00,休息,休息,10:00-14:00 + 15:00-19:00,11:00-15:00 + 15:00-19:00
368,小组9,9:00-13:00 + 13:00-17:00,11:00-15:00 + 15:00-19:00,10:00-14:00 + 14:00-18:00,11:00-15:00 + 15:00-19:00,11:00-15:00 + 15:00-19:00,10:00-14:00 + 15:00-19:00,休息,休息,10:00-14:00 + 15:00-19:00,11:00-15:00 + 15:00-19:00
369,小组9,9:00-13:00 + 13:00-17:00,11:00-15:00 + 15:00-19:00,10:00-14:00 + 14:00-18:00,11:00-15:00 + 15:00-19:00,11:00-15:00 + 15:00-19:00,10:00-14:00 + 15:00-19:00,休息,休息,10:00-14:00 + 15:00-19:00,11:00-15:00 + 15:00-19:00
370,小组9,9:00-13:00 + 13:00-17:00,11:00-15:00 + 15:00-19:00,11:00-15:00 + 15:00-19:00,11:00-15:00 + 15:00-19:00,11:00-15:00 + 15:00-19:00,10:00-14:00 + 15:00-19:00,休息,休息,10:00-14:00 + 15:00-19:00,11:00-15:00 + 15:00-19:00
371,小组9,9:00-13:00 + 13:00-17:00,11:00-15:00 + 15:00-19:00,11:00-15:00 + 15:00-19:00,11:00-15:00 + 15:00-19:00,11:00-15:00 + 15:00-19:00,10:00-14:00 + 15:00-19:00,休息,休息,10:00-14:00 + 15:00-19:00,11:00-15:00 + 15:00-19:00
372,小组9,休息,11:00-15:00 + 15:00-19:00,11:00-15:00 + 15:00-19:00,11:00-15:00 + 15:00-19:00,11:00-15:00 + 15:00-19:00,10:00-14:00 + 15:00-19:00,11:00-15:00 + 15:00-19:00,休息,10:00-14:00 + 15:00-19:00,11:00-15:00 + 15:00-19:00
373,小组10,休息,休息,8:00-12:00 + 12:00-16:00,8:00-12:00 + 12:00-16:00,8:00-12:00 + 12:00-16:00,8:00-12:00 + 12:00-16:00,8:00-12:00 + 12:00-16:00,8:00-12:00 + 12:00-16:00,8:00-12:00 + 14:00-18:00,8:00-12:00 + 13:00-17:00
374,小组10,休息,休息,8:00-12:00 + 12:00-16:00,8:00-12:00 + 12:00-16:00,8:00-12:00 + 12:00-16:00,8:00-12:00 + 12:00-16:00,8:00-12:00 + 12:00-16:00,8:00-12:00 + 12:00-16:00,8:00-12:00 + 14:00-18:00,9:00-13:00 + 13:00-17:00
375,小组10,休息,8:00-12:00 + 12:00-16:00,休息,8:00-12:00 + 12:00-16:00,8:00-12:00 + 12:00-16:00,8:00-12:00 + 12:00-16:00,8:00-12:00 + 12:00-16:00,8:00-12:00 + 12:00-16:00,8:00-12:00 + 14:00-18:00,9:00-13:00 + 13:00-17:00
376,小组10,休息,休息,8:00-12:00 + 12:00-16:00,8:00-12:00 + 12:00-16:00,8:00-12:00 + 12:00-16:00,8:00-12:00 + 12:00-16:00,8:00-12:00 + 12:00-16:00,8:00-12:00 + 12:00-16:00,8:00-12:00 + 14:00-18:00,9:00-13:00 + 13:00-17:00
377,小组10,休息,8:00-12:00 + 13:00-17:00,休息,8:00-12:00 + 12:00-16:00,8:00-12:00 + 12:00-16:00,8:00-12:00 + 12:00-16:00,8:00-12:00 + 13:00-17:00,8:00-12:00 + 12:00-16:00,8:00-12:00 + 14:00-18:00,9:00-13:00 + 13:00-17:00
378,小组10,休息,休息,8:00-12:00 + 12:00-16:00,8:00-12:00 + 12:00-16:00,8:00-12:00 + 12:00-16:00,8:00-12:00 + 12:00-16:00,8:00-12:00 + 13:00-17:00,8:00-12:00 + 12:00-16:00,8:00-12:00 + 14:00-18:00,11:00-15:00 + 15:00-19:00
379,小组10,休息,8:00-12:00 + 13:00-17:00,休息,8:00-12:00 + 12:00-16:00,8:00-12:00 + 12:00-16:00,8:00-12:00 + 12:00-16:00,8:00-12:00 + 13:00-17:00,8:00-12:00 + 12:00-16:00,8:00-12:00 + 14:00-18:00,11:00-15:00 + 15:00-19:00
380,小组10,休息,休息,8:00-12:00 + 13:00-17:00,8:00-12:00 + 12:00-16:00,8:00-12:00 + 12:00-16:00,8:00-12:00 + 12:00-16:00,8:00-12:00 + 13:00-17:00,8:00-12:00 + 12:00-16:00,8:00-12:00 + 14:00-18:00,11:00-15:00 + 15:00-19:00
381,小组10,休息,8:00-12:00 + 13:00-17:00,休息,9:00-13:00 + 15:00-19:00,8:00-12:00 + 15:00-19:00,8:00-12:00 + 12:00-16:00,8:00-12:00 + 13:00-17:00,8:00-12:00 + 12:00-16:00,8:00-12:00 + 14:00-18:00,11:00-15:00 + 15:00-19:00
382,小组10,休息,8:00-12:00 + 13:00-17:00,8:00-12:00 + 13:00-17:00,休息,8:00-12:00 + 15:00-19:00,8:00-12:00 + 14:00-18:00,8:00-12:00 + 13:00-17:00,8:00-12:00 + 12:00-16:00,10:00-14:00 + 15:00-19:00,11:00-15:00 + 15:00-19:00
383,小组10,8:00-12:00 + 15:00-19:00,休息,休息,9:00-13:00 + 15:00-19:00,8:00-12:00 + 15:00-19:00,8:00-12:00 + 15:00-19:00,8:00-12:00 + 13:00-17:00,8:00-12:00 + 12:00-16:00,10:00-14:00 + 15:00-19:00,11:00-15:00 + 15:00-19:00
384,小组10,8:00-12:00 + 15:00-19:00,8:00-12:00 + 13:00-17:00,8:00-12:00 + 13:00-17:00,休息,8:00-12:00 + 15:00-19:00,休息,8:00-12:00 + 13:00-17:00,8:00-12:00 + 12:00-16:00,10:00-14:00 + 15:00-19:00,11:00-15:00 + 15:00-19:00
385,小组10,休息,休息,8:00-12:00 + 13:00-17:00,9:00-13:00 + 15:00-19:00,8:00-12:00 + 15:00-19:00,8:00-12:00 + 15:00-19:00,8:00-12:00 + 14:00-18:00,8:00-12:00 + 12:00-16:00,10:00-14:00 + 15:00-19:00,11:00-15:00 + 15:00-19:00
386,小组10,8:00-12:00 + 15:00-19:00,8:00-12:00 + 13:00-17:00,休息,休息,8:00-12:00 + 15:00-19:00,8:00-12:00 + 15:00-19:00,8:00-12:00 + 14:00-18:00,8:00-12:00 + 15:00-19:00,10:00-14:00 + 15:00-19:00,11:00-15:00 + 15:00-19:00
387,小组10,休息,8:00-12:00 + 13:00-17:00,8:00-12:00 + 13:00-17:00,11:00-15:00 + 15:00-19:00,8:00-12:00 + 15:00-19:00,休息,8:00-12:00 + 14:00-18:00,8:00-12:00 + 15:00-19:00,10:00-14:00 + 15:00-19:00,11:00-15:00 + 15:00-19:00
388,小组10,8:00-12:00 + 15:00-19:00,休息,休息,11:00-15:00 + 15:00-19:00,8:00-12:00 + 15:00-19:00,8:00-12:00 + 15:00-19:00,8:00-12:00 + 14:00-18:00,8:00-12:00 + 15:00-19:00,10:00-14:00 + 15:00-19:00,11:00-15:00 + 15:00-19:00
389,小组10,8:00-12:00 + 15:00-19:00,8:00-12:00 + 13:00-17:00,8:00-12:00 + 13:00-17:00,休息,8:00-12:00 + 15:00-19:00,休息,8:00-12:00 + 14:00-18:00,8:00-12:00 + 15:00-19:00,10:00-14:00 + 15:00-19:00,11:00-15:00 + 15:00-19:00
390,小组10,休息,8:00-12:00 + 13:00-17:00,8:00-12:00 + 13:00-17:00,11:00-15:00 + 15:00-19:00,8:00-12:00 + 15:00-19:00,8:00-12:00 + 15:00-19:00,8:00-12:00 + 14:00-18:00,8:00-12:00 + 15:00-19:00,10:00-14:00 + 15:00-19:00,休息
391,小组10,8:00-12:00 + 15:00-19:00,休息,8:00-12:00 + 13:00-17:00,11:00-15:00 + 15:00-19:00,8:00-12:00 + 15:00-19:00,8:00-12:00 + 15:00-19:00,8:00-12:00 + 14:00-18:00,8:00-12:00 + 15:00-19:00,10:00-14:00 + 15:00-19:00,休息
392,小组10,8:00-12:00 + 15:00-19:00,8:00-12:00 + 13:00-17:00,休息,11:00-15:00 + 15:00-19:00,8:00-12:00 + 15:00-19:00,8:00-12:00 + 15:00-19:00,8:00-12:00 + 14:00-18:00,8:00-12:00 + 15:00-19:00,10:00-14:00 + 15:00-19:00,休息
393,小组10,8:00-12:00 + 15:00-19:00,8:00-12:00 + 13:00-17:00,8:00-12:00 + 13:00-17:00,休息,8:00-12:00 + 15:00-19:00,8:00-12:00 + 15:00-19:00,8:00-12:00 + 14:00-18:00,8:00-12:00 + 15:00-19:00,10:00-14:00 + 15:00-19:00,休息
394,小组10,8:00-12:00 + 15:00-19:00,8:00-12:00 + 13:00-17:00,8:00-12:00 + 13:00-17:00,11:00-15:00 + 15:00-19:00,8:00-12:00 + 15:00-19:00,休息,8:00-12:00 + 14:00-18:00,8:00-12:00 + 15:00-19:00,10:00-14:00 + 15:00-19:00,休息
395,小组10,休息,8:00-12:00 + 13:00-17:00,8:00-12:00 + 13:00-17:00,11:00-15:00 + 15:00-19:00,8:00-12:00 + 15:00-19:00,8:00-12:00 + 15:00-19:00,8:00-12:00 + 14:00-18:00,8:00-12:00 + 15:00-19:00,10:00-14:00 + 15:00-19:00,休息
396,小组10,8:00-12:00 + 15:00-19:00,休息,8:00-12:00 + 13:00-17:00,11:00-15:00 + 15:00-19:00,8:00-12:00 + 15:00-19:00,8:00-12:00 + 15:00-19:00,8:00-12:00 + 15:00-19:00,8:00-12:00 + 15:00-19:00,10:00-14:00 + 15:00-19:00,休息
397,小组10,9:00-13:00 + 13:00-17:00,8:00-12:00 + 13:00-17:00,休息,11:00-15:00 + 15:00-19:00,9:00-13:00 + 13:00-17:00,8:00-12:00 + 15:00-19:00,8:00-12:00 + 15:00-19:00,8:00-12:00 + 15:00-19:00,10:00-14:00 + 15:00-19:00,休息
398,小组10,9:00-13:00 + 13:00-17:00,8:00-12:00 + 13:00-17:00,8:00-12:00 + 13:00-17:00,休息,9:00-13:00 + 13:00-17:00,8:00-12:00 + 15:00-19:00,10:00-14:00 + 15:00-19:00,8:00-12:00 + 15:00-19:00,10:00-14:00 + 15:00-19:00,休息
399,小组10,9:00-13:00 + 13:00-17:00,8:00-12:00 + 13:00-17:00,8:00-12:00 + 13:00-17:00,11:00-15:00 + 15:00-19:00,9:00-13:00 + 13:00-17:00,休息,10:00-14:00 + 15:00-19:00,11:00-15:00 + 15:00-19:00,10:00-14:00 + 15:00-19:00,休息
400,小组10,休息,8:00-12:00 + 13:00-17:00,8:00-12:00 + 13:00-17:00,11:00-15:00 + 15:00-19:00,9:00-13:00 + 13:00-17:00,8:00-12:00 + 15:00-19:00,10:00-14:00 + 15:00-19:00,11:00-15:00 + 15:00-19:00,10:00-14:00 + 15:00-19:00,休息
401,小组10,休息,8:00-12:00 + 13:00-17:00,8:00-12:00 + 13:00-17:00,11:00-15:00 + 15:00-19:00,9:00-13:00 + 13:00-17:00,9:00-13:00 + 13:00-17:00,10:00-14:00 + 15:00-19:00,11:00-15:00 + 15:00-19:00,10:00-14:00 + 15:00-19:00,休息
402,小组10,休息,8:00-12:00 + 13:00-17:00,8:00-12:00 + 15:00-19:00,11:00-15:00 + 15:00-19:00,9:00-13:00 + 13:00-17:00,9:00-13:00 + 13:00-17:00,10:00-14:00 + 15:00-19:00,11:00-15:00 + 15:00-19:00,10:00-14:00 + 15:00-19:00,休息
403,小组10,休息,8:00-12:00 + 13:00-17:00,8:00-12:00 + 15:00-19:00,休息,10:00-14:00 + 14:00-18:00,9:00-13:00 + 13:00-17:00,10:00-14:00 + 15:00-19:00,11:00-15:00 + 15:00-19:00,10:00-14:00 + 15:00-19:00,11:00-15:00 + 15:00-19:00
404,小组10,9:00-13:00 + 13:00-17:00,8:00-12:00 + 13:00-17:00,休息,休息,11:00-15:00 + 15:00-19:00,9:00-13:00 + 13:00-17:00,10:00-14:00 + 15:00-19:00,11:00-15:00 + 15:00-19:00,10:00-14:00 + 15:00-19:00,11:00-15:00 + 15:00-19:00
405,小组10,9:00-13:00 + 13:00-17:00,8:00-12:00 + 15:00-19:00,休息,休息,11:00-15:00 + 15:00-19:00,9:00-13:00 + 13:00-17:00,10:00-14:00 + 15:00-19:00,11:00-15:00 + 15:00-19:00,10:00-14:00 + 15:00-19:00,11:00-15:00 + 15:00-19:00
406,小组10,9:00-13:00 + 13:00-17:00,8:00-12:00 + 15:00-19:00,休息,休息,11:00-15:00 + 15:00-19:00,9:00-13:00 + 13:00-17:00,10:00-14:00 + 15:00-19:00,11:00-15:00 + 15:00-19:00,10:00-14:00 + 15:00-19:00,11:00-15:00 + 15:00-19:00
407,小组10,9:00-13:00 + 13:00-17:00,8:00-12:00 + 15:00-19:00,休息,休息,11:00-15:00 + 15:00-19:00,9:00-13:00 + 13:00-17:00,10:00-14:00 + 15:00-19:00,11:00-15:00 + 15:00-19:00,10:00-14:00 + 15:00-19:00,11:00-15:00 + 15:00-19:00
408,小组10,9:00-13:00 + 13:00-17:00,8:00-12:00 + 15:00-19:00,休息,休息,11:00-15:00 + 15:00-19:00,9:00-13:00 + 13:00-17:00,10:00-14:00 + 15:00-19:00,11:00-15:00 + 15:00-19:00,10:00-14:00 + 15:00-19:00,11:00-15:00 + 15:00-19:00
409,小组10,9:00-13:00 + 13:00-17:00,8:00-12:00 + 15:00-19:00,11:00-15:00 + 15:00-19:00,休息,11:00-15:00 + 15:00-19:00,休息,10:00-14:00 + 15:00-19:00,11:00-15:00 + 15:00-19:00,10:00-14:00 + 15:00-19:00,11:00-15:00 + 15:00-19:00
410,小组10,10:00-14:00 + 15:00-19:00,8:00-12:00 + 15:00-19:00,11:00-15:00 + 15:00-19:00,休息,11:00-15:00 + 15:00-19:00,休息,10:00-14:00 + 15:00-19:00,11:00-15:00 + 15:00-19:00,10:00-14:00 + 15:00-19:00,11:00-15:00 + 15:00-19:00
411,小组10,10:00-14:00 + 15:00-19:00,8:00-12:00 + 15:00-19:00,11:00-15:00 + 15:00-19:00,休息,11:00-15:00 + 15:00-19:00,休息,10:00-14:00 + 15:00-19:00,11:00-15:00 + 15:00-19:00,10:00-14:00 + 15:00-19:00,11:00-15:00 + 15:00-19:00
412,小组10,10:00-14:00 + 15:00-19:00,9:00-13:00 + 15:00-19:00,11:00-15:00 + 15:00-19:00,11:00-15:00 + 15:00-19:00,11:00-15:00 + 15:00-19:00,休息,10:00-14:00 + 15:00-19:00,休息,10:00-14:00 + 15:00-19:00,11:00-15:00 + 15:00-19:00
413,小组10,10:00-14:00 + 15:00-19:00,11:00-15:00 + 15:00-19:00,11:00-15:00 + 15:00-19:00,11:00-15:00 + 15:00-19:00,11:00-15:00 + 15:00-19:00,9:00-13:00 + 13:00-17:00,休息,休息,10:00-14:00 + 15:00-19:00,11:00-15:00 + 15:00-19:00
414,小组10,10:00-14:00 + 15:00-19:00,11:00-15:00 + 15:00-19:00,11:00-15:00 + 15:00-19:00,11:00-15:00 + 15:00-19:00,11:00-15:00 + 15:00-19:00,9:00-13:00 + 13:00-17:00,休息,休息,10:00-14:00 + 15:00-19:00,11:00-15:00 + 15:00-19:00
415,小组10,10:00-14:00 + 15:00-19:00,11:00-15:00 + 15:00-19:00,11:00-15:00 + 15:00-19:00,11:00-15:00 + 15:00-19:00,11:00-15:00 + 15:00-19:00,9:00-13:00 + 13:00-17:00,休息,休息,10:00-14:00 + 15:00-19:00,11:00-15:00 + 15:00-19:00
416,小组10,10:00-14:00 + 15:00-19:00,11:00-15:00 + 15:00-19:00,11:00-15:00 + 15:00-19:00,11:00-15:00 + 15:00-19:00,11:00-15:00 + 15:00-19:00,9:00-13:00 + 13:00-17:00,休息,休息,10:00-14:00 + 15:00-19:00,11:00-15:00 + 15:00-19:00
417,小组10,10:00-14:00 + 15:00-19:00,11:00-15:00 + 15:00-19:00,11:00-15:00 + 15:00-19:00,11:00-15:00 + 15:00-19:00,11:00-15:00 + 15:00-19:00,9:00-13:00 + 13:00-17:00,休息,休息,10:00-14:00 + 15:00-19:00,11:00-15:00 + 15:00-19:00
